{
  "staked_sol": 5661867.758778029,
  "staked_usd": 1169830954.1848185,
  "msol_directed_stake_sol": 1132373.551755606,
  "msol_directed_stake_msol": 247308.9081781423,
  "liquidity_sol": 13934.609241972,
  "liquidity_usd": 2879109.4953526226,
  "total_sol": 8763310.683247644,
  "total_usd": 1810637855.7690213,
  "self_staked_sol": 1214034.725192254,
  "self_staked_usd": 250838674.00175303,
  "standard_staked_sol": 4447833.033585775,
  "standard_staked_usd": 918992280.1830653,
  "total_virtual_staked_sol": 5591522.440753763,
  "total_virtual_staked_usd": 1155296504.774696,
  "marinade_native_stake_sol": 3087508.315227644,
  "marinade_native_stake_usd": 637927792.0888504
}