{
  "rewards_mev": [
    [
      942,
      2396.695495587
    ],
    [
      941,
      2883.97690178
    ],
    [
      940,
      2919.301137245
    ],
    [
      939,
      3220.516311465
    ],
    [
      938,
      4778.58679315
    ],
    [
      937,
      2397.231376912
    ],
    [
      936,
      3027.987938847
    ],
    [
      935,
      3416.597329439
    ],
    [
      934,
      3418.251529301
    ],
    [
      933,
      3768.7434184469994
    ]
  ],
  "rewards_inflation_est": [
    [
      943,
      134467.8301462065
    ],
    [
      942,
      134558.81338993553
    ],
    [
      941,
      134649.8324770799
    ],
    [
      940,
      134740.90131847843
    ],
    [
      939,
      134832.01095714376
    ],
    [
      938,
      134923.15753207268
    ],
    [
      937,
      135014.34066553338
    ],
    [
      936,
      135105.54329309525
    ],
    [
      935,
      135196.89959575897
    ],
    [
      934,
      135288.1958417843
    ]
  ],
  "rewards_jito_priority": [
    [
      942,
      9.837356366
    ],
    [
      941,
      7.655609479
    ],
    [
      940,
      6.10632359
    ],
    [
      939,
      15.606528152
    ],
    [
      938,
      13.382321018
    ],
    [
      937,
      14.950966518
    ],
    [
      936,
      14.41530711
    ],
    [
      935,
      15.651574559
    ],
    [
      934,
      16.049960019
    ],
    [
      933,
      15.804738449
    ]
  ],
  "rewards_block": [
    [
      943,
      10177.491907346
    ],
    [
      942,
      10952.804944794
    ],
    [
      941,
      12754.236504554
    ],
    [
      940,
      12559.22451925
    ],
    [
      939,
      14381.801428579
    ],
    [
      938,
      13312.2144689
    ],
    [
      937,
      12149.623086106
    ],
    [
      936,
      14005.935448964
    ],
    [
      935,
      14597.045260526
    ],
    [
      934,
      14327.511985759
    ]
  ]
}