{
  "staked_sol": 2413338.64842926,
  "staked_usd": 182081007.23624182,
  "msol_directed_stake_sol": 482667.7296858521,
  "msol_directed_stake_msol": 26318.354403724465,
  "liquidity_sol": 6993.617975376,
  "liquidity_usd": 527652.8455758804,
  "total_sol": 6793411.830943358,
  "total_usd": 512547739.4371683,
  "self_staked_sol": 1214034.725192254,
  "self_staked_usd": 91596206.6602851,
  "standard_staked_sol": 1199303.923237006,
  "standard_staked_usd": 90484800.5759567,
  "total_virtual_staked_sol": 2383199.200198962,
  "total_virtual_staked_usd": 179807053.22863123,
  "marinade_native_stake_sol": 2854814.868855872,
  "marinade_native_stake_usd": 215389401.3724918,
  "marinade_select_stake_sol": 1217040.924132975,
  "marinade_select_stake_usd": 91823017.65153794,
  "recipe_usdg_sol": 301223.771549875,
  "recipe_usdg_usd": 22726660.33132089
}