{
  "staked_sol": 2807871.067691699,
  "staked_usd": 239437439.77383563,
  "msol_directed_stake_sol": 561574.2135383398,
  "msol_directed_stake_msol": 29085.37477405848,
  "liquidity_sol": 7670.666865512,
  "liquidity_usd": 654105.8301320291,
  "total_sol": 6846169.277579709,
  "total_usd": 583797904.0218383,
  "self_staked_sol": 1214034.725192254,
  "self_staked_usd": 103525183.0973609,
  "standard_staked_sol": 1593836.342499445,
  "standard_staked_usd": 135912256.6764747,
  "total_virtual_staked_sol": 2777423.238483925,
  "total_virtual_staked_usd": 236841041.97050852,
  "marinade_native_stake_sol": 2876804.608863481,
  "marinade_native_stake_usd": 245315655.0532446,
  "marinade_select_stake_sol": 897922.516558704,
  "marinade_select_stake_usd": 76569138.43157344,
  "recipe_usdg_sol": 255900.417600313,
  "recipe_usdg_usd": 21821564.933052666
}