{
  "staked_sol": 5339230.499287528,
  "staked_usd": 760586396.1680583,
  "msol_directed_stake_sol": 1067846.0998575056,
  "msol_directed_stake_msol": 718669.9927314267,
  "liquidity_sol": 18342.90796061,
  "liquidity_usd": 2612991.9401053074,
  "total_sol": 7910636.681420972,
  "total_usd": 1126889473.252691,
  "self_staked_sol": 1214034.725192254,
  "self_staked_usd": 172942205.16984084,
  "standard_staked_sol": 4125195.774095274,
  "standard_staked_usd": 587644190.9982175,
  "total_virtual_staked_sol": 5377898.930577879,
  "total_virtual_staked_usd": 766094808.4391757,
  "marinade_native_stake_sol": 2553063.274172834,
  "marinade_native_stake_usd": 363690085.1445275
}