{
  "staked_sol": 5415392.078824333,
  "staked_usd": 827549391.8286817,
  "msol_directed_stake_sol": 1083078.4157648666,
  "msol_directed_stake_msol": 715224.4453965953,
  "liquidity_sol": 18327.565608711,
  "liquidity_usd": 2800714.2516044304,
  "total_sol": 7966531.620310571,
  "total_usd": 1217400014.8855765,
  "self_staked_sol": 1214034.725192254,
  "self_staked_usd": 185521876.13899645,
  "standard_staked_sol": 4201357.353632079,
  "standard_staked_usd": 642027515.6896853,
  "total_virtual_staked_sol": 5383264.625209654,
  "total_virtual_staked_usd": 822639857.2441417,
  "marinade_native_stake_sol": 2532811.975877527,
  "marinade_native_stake_usd": 387049908.8052902
}