{
  "staked_sol": 5448499.712081281,
  "staked_usd": 776757374.2247148,
  "msol_directed_stake_sol": 1089699.942416256,
  "msol_directed_stake_msol": 718669.9927314265,
  "liquidity_sol": 18334.532871904,
  "liquidity_usd": 2613835.80137453,
  "total_sol": 8020958.213098705,
  "total_usd": 1143496149.3267243,
  "self_staked_sol": 1214034.725192254,
  "self_staked_usd": 173077080.88282827,
  "standard_staked_sol": 4234464.986889027,
  "standard_staked_usd": 603680293.3418865,
  "total_virtual_staked_sol": 5380329.136849582,
  "total_virtual_staked_usd": 767038736.1014625,
  "marinade_native_stake_sol": 2554123.96814552,
  "marinade_native_stake_usd": 364124939.3006349
}