{
  "staked_sol": 5415392.078824333,
  "staked_usd": 828007265.1243335,
  "msol_directed_stake_sol": 1083078.4157648666,
  "msol_directed_stake_msol": 715224.4453965953,
  "liquidity_sol": 18327.565608711,
  "liquidity_usd": 2802263.853691295,
  "total_sol": 7966531.620310571,
  "total_usd": 1218073587.9223597,
  "self_staked_sol": 1214034.725192254,
  "self_staked_usd": 185624523.19992363,
  "standard_staked_sol": 4201357.353632079,
  "standard_staked_usd": 642382741.92441,
  "total_virtual_staked_sol": 5383264.625209654,
  "total_virtual_staked_usd": 823095014.1523458,
  "marinade_native_stake_sol": 2532811.975877527,
  "marinade_native_stake_usd": 387264058.94433486
}