{
  "staked_sol": 5423750.158259582,
  "staked_usd": 735864250.7776546,
  "msol_directed_stake_sol": 1084750.0316519164,
  "msol_directed_stake_msol": 713308.2013697387,
  "liquidity_sol": 18327.280616578,
  "liquidity_usd": 2486543.484893417,
  "total_sol": 7996112.717350206,
  "total_usd": 1084868093.513863,
  "self_staked_sol": 1214034.725192254,
  "self_staked_usd": 164713478.2031192,
  "standard_staked_sol": 4209715.433067328,
  "standard_staked_usd": 571150772.5745356,
  "total_virtual_staked_sol": 5391838.390611437,
  "total_virtual_staked_usd": 731534639.6587443,
  "marinade_native_stake_sol": 2554035.278474046,
  "marinade_native_stake_usd": 346517299.25131494
}