{
  "staked_sol": 5101734.139530486,
  "staked_usd": 734464849.0929192,
  "msol_directed_stake_sol": 1020346.8279060973,
  "msol_directed_stake_msol": 541450.2290162776,
  "liquidity_sol": 16621.876513696,
  "liquidity_usd": 2392947.905826467,
  "total_sol": 7614229.674849204,
  "total_usd": 1096173163.1142223,
  "self_staked_sol": 1214034.725192254,
  "self_staked_usd": 174777008.5318387,
  "standard_staked_sol": 3887699.414338232,
  "standard_staked_usd": 559687840.5610805,
  "total_virtual_staked_sol": 5051769.151620023,
  "total_virtual_staked_usd": 727271701.3706106,
  "marinade_native_stake_sol": 2495873.658805022,
  "marinade_native_stake_usd": 359315366.1154766
}