{
  "staked_sol": 4684716.66549303,
  "staked_usd": 484531498.6738598,
  "msol_directed_stake_sol": 936943.3330986061,
  "msol_directed_stake_msol": 124974.79247168616,
  "liquidity_sol": 10007.978342726,
  "liquidity_usd": 1035106.5157931428,
  "total_sol": 9142668.465660067,
  "total_usd": 945609130.6811821,
  "self_staked_sol": 1214034.725192254,
  "self_staked_usd": 125565345.10878532,
  "standard_staked_sol": 3470681.940300776,
  "standard_staked_usd": 358966153.5650745,
  "total_virtual_staked_sol": 4643702.617338597,
  "total_virtual_staked_usd": 480289492.2436037,
  "marinade_native_stake_sol": 4447943.821824312,
  "marinade_native_stake_usd": 460042525.49152935
}