{
  "staked_sol": 5139656.50162221,
  "staked_usd": 1047712051.3976032,
  "msol_directed_stake_sol": 1027931.3003244421,
  "msol_directed_stake_msol": 230942.37994665332,
  "liquidity_sol": 10220.798880921,
  "liquidity_usd": 2083496.077816134,
  "total_sol": 9725854.993537892,
  "total_usd": 1982602433.3842173,
  "self_staked_sol": 1214034.725192254,
  "self_staked_usd": 247479342.63654357,
  "standard_staked_sol": 3925621.776429956,
  "standard_staked_usd": 800232708.7610595,
  "total_virtual_staked_sol": 5033095.53900887,
  "total_virtual_staked_usd": 1025989742.775755,
  "marinade_native_stake_sol": 4575977.693034761,
  "marinade_native_stake_usd": 932806885.908798
}