{
  "staked_sol": 4956954.460885951,
  "staked_usd": 697768866.8896182,
  "msol_directed_stake_sol": 991390.8921771903,
  "msol_directed_stake_msol": 134317.9284865584,
  "liquidity_sol": 10203.90002257,
  "liquidity_usd": 1436358.5166628857,
  "total_sol": 9388996.776914136,
  "total_usd": 1321648139.7908058,
  "self_staked_sol": 1214034.725192254,
  "self_staked_usd": 170894375.01321003,
  "standard_staked_sol": 3742919.735693697,
  "standard_staked_usd": 526874491.8764081,
  "total_virtual_staked_sol": 4916102.73753454,
  "total_virtual_staked_usd": 692018347.9089965,
  "marinade_native_stake_sol": 4421838.416005614,
  "marinade_native_stake_usd": 622442914.3845246
}