{
  "staked_sol": 4983021.614604735,
  "staked_usd": 745836584.7419356,
  "msol_directed_stake_sol": 996604.322920947,
  "msol_directed_stake_msol": 134678.96590910832,
  "liquidity_sol": 10204.277974623,
  "liquidity_usd": 1527331.0900446246,
  "total_sol": 9420214.207060585,
  "total_usd": 1409975901.196014,
  "self_staked_sol": 1214034.725192254,
  "self_staked_usd": 181711335.65659422,
  "standard_staked_sol": 3768986.889412481,
  "standard_staked_usd": 564125249.0853415,
  "total_virtual_staked_sol": 4913239.998750904,
  "total_virtual_staked_usd": 735391981.8340024,
  "marinade_native_stake_sol": 4426988.314481227,
  "marinade_native_stake_usd": 662611985.3640337
}