{
  "staked_sol": 5324149.520883792,
  "staked_usd": 805452158.4376276,
  "msol_directed_stake_sol": 1064829.9041767584,
  "msol_directed_stake_msol": 500113.422440698,
  "liquidity_sol": 14813.457696587,
  "liquidity_usd": 2241021.1112290267,
  "total_sol": 8005237.384216937,
  "total_usd": 1211054592.7817593,
  "self_staked_sol": 1214034.725192254,
  "self_staked_usd": 183662552.29849622,
  "standard_staked_sol": 4110114.795691538,
  "standard_staked_usd": 621789606.1391313,
  "total_virtual_staked_sol": 5248407.712013648,
  "total_virtual_staked_usd": 793993726.7765459,
  "marinade_native_stake_sol": 2666274.405636558,
  "marinade_native_stake_usd": 403361413.2329027
}