{
  "staked_sol": 5372650.875699209,
  "staked_usd": 1278711141.7121565,
  "msol_directed_stake_sol": 1074530.1751398419,
  "msol_directed_stake_msol": 262628.1912831343,
  "liquidity_sol": 10220.36409965,
  "liquidity_usd": 2432485.145403492,
  "total_sol": 8763716.707750114,
  "total_usd": 2085797580.4263742,
  "self_staked_sol": 1214034.725192254,
  "self_staked_usd": 288944836.6262508,
  "standard_staked_sol": 4158616.150506955,
  "standard_staked_usd": 989766305.0859058,
  "total_virtual_staked_sol": 5340121.07203624,
  "total_virtual_staked_usd": 1270968925.93378,
  "marinade_native_stake_sol": 3380845.467951255,
  "marinade_native_stake_usd": 804653953.568814
}