{
  "rewards_mev": [
    [
      993,
      2397.914985499
    ],
    [
      992,
      2559.770175577
    ],
    [
      991,
      2506.432176838
    ],
    [
      990,
      1901.6383621460002
    ],
    [
      989,
      2194.539191591
    ],
    [
      988,
      2354.119694745
    ],
    [
      987,
      2552.513610589
    ],
    [
      986,
      2450.272782063
    ],
    [
      985,
      2634.885661006
    ],
    [
      984,
      2209.243956356
    ]
  ],
  "rewards_inflation_est": [
    [
      994,
      129876.41816571655
    ],
    [
      993,
      129965.59112547858
    ],
    [
      992,
      130054.76358090449
    ],
    [
      991,
      130143.97872393126
    ],
    [
      990,
      130233.211375173
    ],
    [
      989,
      130322.45661785253
    ],
    [
      988,
      130411.7599700382
    ],
    [
      987,
      130487.01215777837
    ],
    [
      986,
      130590.47324040582
    ],
    [
      985,
      130679.87161141625
    ]
  ],
  "rewards_jito_priority": [
    [
      993,
      4.756783196
    ],
    [
      992,
      4.287869441
    ],
    [
      991,
      7.260848415
    ],
    [
      990,
      4.621168148
    ],
    [
      989,
      4.279764732
    ],
    [
      988,
      5.951925851
    ],
    [
      987,
      4.097336873
    ],
    [
      986,
      3.956832192
    ],
    [
      985,
      4.238645224
    ],
    [
      984,
      4.534390555
    ]
  ],
  "rewards_block": [
    [
      994,
      13652.782698803
    ],
    [
      993,
      9199.591424824
    ],
    [
      992,
      9534.031607632
    ],
    [
      991,
      9380.462694043
    ],
    [
      990,
      7480.330831323
    ],
    [
      989,
      9036.376657603
    ],
    [
      988,
      9604.517565718
    ],
    [
      987,
      8714.238716789
    ],
    [
      986,
      7993.421989336999
    ],
    [
      985,
      9248.235505717
    ]
  ]
}