{
  "staked_sol": 2466299.67229618,
  "staked_usd": 181406577.05220693,
  "msol_directed_stake_sol": 493259.934459236,
  "msol_directed_stake_msol": 26608.33714641247,
  "liquidity_sol": 7514.689074003,
  "liquidity_usd": 552736.5704336003,
  "total_sol": 6556615.115941966,
  "total_usd": 482266254.418475,
  "self_staked_sol": 1214034.725192254,
  "self_staked_usd": 89297292.77975407,
  "standard_staked_sol": 1252264.947103926,
  "standard_staked_usd": 92109284.27245288,
  "total_virtual_staked_sol": 2436190.901122581,
  "total_virtual_staked_usd": 179191951.96864378,
  "marinade_native_stake_sol": 2563986.803172665,
  "marinade_native_stake_usd": 188591870.96981728,
  "marinade_select_stake_sol": 1213812.093181736,
  "marinade_select_stake_usd": 89280917.27136636,
  "recipe_usdg_sol": 305001.858217382,
  "recipe_usdg_usd": 22434152.55465081
}