{
  "staked_sol": 5029093.956105847,
  "staked_usd": 703260755.6767503,
  "msol_directed_stake_sol": 1005818.7912211694,
  "msol_directed_stake_msol": 145318.30958015827,
  "liquidity_sol": 10205.410914103,
  "liquidity_usd": 1427108.9492631415,
  "total_sol": 9608368.324531095,
  "total_usd": 1343619432.7859702,
  "self_staked_sol": 1214034.725192254,
  "self_staked_usd": 169768746.75803944,
  "standard_staked_sol": 3815059.230913593,
  "standard_staked_usd": 533492008.91871077,
  "total_virtual_staked_sol": 4987651.74487204,
  "total_virtual_staked_usd": 697465540.6651441,
  "marinade_native_stake_sol": 4569068.957511146,
  "marinade_native_stake_usd": 638931568.1599568
}