{
  "rewards_mev": [
    [
      771,
      25853.824605996
    ],
    [
      770,
      25013.382644605
    ],
    [
      769,
      28689.05004897
    ],
    [
      768,
      24305.175559188
    ],
    [
      767,
      15348.939954895
    ],
    [
      766,
      17855.086991705
    ],
    [
      765,
      24627.022116111
    ],
    [
      764,
      17639.661293003
    ],
    [
      763,
      20449.910190756
    ],
    [
      762,
      20391.370522242
    ]
  ],
  "rewards_inflation_est": [
    [
      772,
      150518.84941940854
    ],
    [
      771,
      150615.47663784673
    ],
    [
      770,
      150712.12641491514
    ],
    [
      769,
      150807.48735081602
    ],
    [
      768,
      150905.51220372075
    ],
    [
      767,
      151002.24904414619
    ],
    [
      766,
      151099.00475725235
    ],
    [
      765,
      151195.78962023908
    ],
    [
      764,
      151292.60383705018
    ],
    [
      763,
      151389.4430522466
    ]
  ]
}