{
  "staked_sol": 4643587.10308007,
  "staked_usd": 607119475.4057977,
  "msol_directed_stake_sol": 928717.4206160139,
  "msol_directed_stake_msol": 124792.73945306017,
  "liquidity_sol": 9750.967630194,
  "liquidity_usd": 1274876.9907676731,
  "total_sol": 9035027.423693148,
  "total_usd": 1181272362.9349344,
  "self_staked_sol": 1214034.725192254,
  "self_staked_usd": 158727317.7225968,
  "standard_staked_sol": 3429552.377887816,
  "standard_staked_usd": 448392157.683201,
  "total_virtual_staked_sol": 4609483.351023747,
  "total_virtual_staked_usd": 602660626.7618107,
  "marinade_native_stake_sol": 4381689.352982883,
  "marinade_native_stake_usd": 572878010.5383688
}