{
  "staked_sol": 2779610.686199894,
  "staked_usd": 194456748.73711783,
  "msol_directed_stake_sol": 555922.1372399789,
  "msol_directed_stake_msol": 26619.97671116645,
  "liquidity_sol": 7541.366110059,
  "liquidity_usd": 527580.9098299381,
  "total_sol": 6781265.845387103,
  "total_usd": 474405611.96677166,
  "self_staked_sol": 1214034.725192254,
  "self_staked_usd": 84931766.41135876,
  "standard_staked_sol": 1565575.96100764,
  "standard_staked_usd": 109524982.32575907,
  "total_virtual_staked_sol": 2749472.472253765,
  "total_virtual_staked_usd": 192348331.49516222,
  "marinade_native_stake_sol": 2563209.274420857,
  "marinade_native_stake_usd": 179317680.8217459,
  "marinade_select_stake_sol": 1148884.520187457,
  "marinade_select_stake_usd": 80373970.92305978,
  "recipe_usdg_sol": 282019.998468836,
  "recipe_usdg_usd": 19729630.57501822
}