{
  "staked_sol": 2611880.689315659,
  "staked_usd": 169688623.199032,
  "msol_directed_stake_sol": 522376.1378631318,
  "msol_directed_stake_msol": 26765.04015040146,
  "liquidity_sol": 7531.505156865,
  "liquidity_usd": 489306.7075815335,
  "total_sol": 6675262.193013822,
  "total_usd": 433678328.28606355,
  "self_staked_sol": 1214034.725192254,
  "self_staked_usd": 78873388.7716996,
  "standard_staked_sol": 1397845.964123405,
  "standard_staked_usd": 90815234.42733239,
  "total_virtual_staked_sol": 2581714.056057683,
  "total_virtual_staked_usd": 167728757.84797063,
  "marinade_native_stake_sol": 2620423.158583499,
  "marinade_native_stake_usd": 170243610.20694146,
  "marinade_select_stake_sol": 1149073.627158407,
  "marinade_select_stake_usd": 74652997.18491966,
  "recipe_usdg_sol": 286353.212799392,
  "recipe_usdg_usd": 18603790.987588946
}