{
  "staked_sol": 4697646.976644425,
  "staked_usd": 900285243.7953506,
  "msol_directed_stake_sol": 939529.395328885,
  "msol_directed_stake_msol": 36678.21223760568,
  "liquidity_sol": 9389.507256909,
  "liquidity_usd": 1799461.4903869939,
  "total_sol": 10487111.92888601,
  "total_usd": 2009813033.3221312,
  "self_staked_sol": 1214034.725192254,
  "self_staked_usd": 232664896.69823045,
  "standard_staked_sol": 3483612.251452171,
  "standard_staked_usd": 667620347.09712,
  "total_virtual_staked_sol": 4665206.882439247,
  "total_virtual_staked_usd": 894068229.5613192,
  "marinade_native_stake_sol": 4918828.950620943,
  "marinade_native_stake_usd": 942673883.9708676,
  "marinade_select_stake_sol": 861246.494363733,
  "marinade_select_stake_usd": 165054444.06552595
}