{
  "rewards_mev": [
    [
      745,
      25336.073462022
    ],
    [
      744,
      30063.158547683
    ],
    [
      743,
      26514.668902987
    ],
    [
      742,
      44405.262883957
    ],
    [
      740,
      73181.046308335
    ],
    [
      739,
      48660.38932001
    ],
    [
      738,
      41430.168794944
    ],
    [
      737,
      49698.693424808
    ],
    [
      736,
      46556.984304007
    ],
    [
      735,
      57065.254824485
    ]
  ],
  "rewards_inflation_est": [
    [
      746,
      153040.07009663226
    ],
    [
      745,
      153137.3995516093
    ],
    [
      744,
      153234.76857533754
    ],
    [
      743,
      153332.1555201994
    ],
    [
      742,
      153429.59430715855
    ],
    [
      741,
      153527.05997477737
    ],
    [
      740,
      153624.58280990378
    ],
    [
      739,
      153728.18114009858
    ],
    [
      738,
      153831.68085281
    ],
    [
      737,
      153933.5242586219
    ]
  ]
}