{
  "staked_sol": 5051175.934631589,
  "staked_usd": 814101778.9639219,
  "msol_directed_stake_sol": 1010235.1869263179,
  "msol_directed_stake_msol": 148596.1139694773,
  "liquidity_sol": 10205.950567311,
  "liquidity_usd": 1644900.6370774398,
  "total_sol": 9602659.153003532,
  "total_usd": 1547667711.5216224,
  "self_staked_sol": 1214034.725192254,
  "self_staked_usd": 195666878.82058018,
  "standard_staked_sol": 3837141.209439335,
  "standard_staked_usd": 618434900.1433417,
  "total_virtual_staked_sol": 5008386.434542576,
  "total_virtual_staked_usd": 807205363.4372703,
  "marinade_native_stake_sol": 4541277.267804631,
  "marinade_native_stake_usd": 731921031.9206228
}