{
  "staked_sol": 4629522.443252868,
  "staked_usd": 935499523.0265027,
  "msol_directed_stake_sol": 925904.4886505737,
  "msol_directed_stake_msol": 34776.46919477597,
  "liquidity_sol": 9383.478693024,
  "liquidity_usd": 1896143.7058042206,
  "total_sol": 10484987.067702813,
  "total_usd": 2118728339.9112515,
  "self_staked_sol": 1214034.725192254,
  "self_staked_usd": 245323123.55677038,
  "standard_staked_sol": 3415487.718060614,
  "standard_staked_usd": 690176399.4697323,
  "total_virtual_staked_sol": 4598574.968606807,
  "total_virtual_staked_usd": 929245887.1223375,
  "marinade_native_stake_sol": 4983797.909220183,
  "marinade_native_stake_usd": 1007088878.8390958,
  "marinade_select_stake_sol": 862283.236536739,
  "marinade_select_stake_usd": 174243794.33984908
}