{
  "staked_sol": 5073587.126992304,
  "staked_usd": 800730574.6362222,
  "msol_directed_stake_sol": 1014717.4253984608,
  "msol_directed_stake_msol": 535842.2618915464,
  "liquidity_sol": 16479.94184277,
  "liquidity_usd": 2600919.8169728727,
  "total_sol": 7597982.823793728,
  "total_usd": 1199139188.9586303,
  "self_staked_sol": 1214034.725192254,
  "self_staked_usd": 191603041.16188607,
  "standard_staked_sol": 3859552.40180005,
  "standard_staked_usd": 609127533.4743363,
  "total_virtual_staked_sol": 5039406.67013013,
  "total_virtual_staked_usd": 795336100.0407299,
  "marinade_native_stake_sol": 2507915.754958654,
  "marinade_native_stake_usd": 395807694.5054351
}