{
  "staked_sol": 4687638.550283327,
  "staked_usd": 641779309.5443525,
  "msol_directed_stake_sol": 937527.7100566654,
  "msol_directed_stake_msol": 124816.23085968615,
  "liquidity_sol": 9751.784396713,
  "liquidity_usd": 1335105.8085674262,
  "total_sol": 9086267.372380566,
  "total_usd": 1243990623.0034144,
  "self_staked_sol": 1214034.725192254,
  "self_staked_usd": 166212125.64472577,
  "standard_staked_sol": 3473603.825091073,
  "standard_staked_usd": 475567183.89962673,
  "total_virtual_staked_sol": 4653902.618114656,
  "total_virtual_staked_usd": 637160561.1016561,
  "marinade_native_stake_sol": 4388877.037700526,
  "marinade_native_stake_usd": 600876207.6504945
}