{
  "rewards_mev": [
    [
      768,
      24305.175559188
    ],
    [
      767,
      15348.939954895
    ],
    [
      766,
      17855.086991705
    ],
    [
      765,
      24627.022116111
    ],
    [
      764,
      17639.661293003
    ],
    [
      763,
      20449.910190756
    ],
    [
      762,
      20391.370522242
    ],
    [
      761,
      24674.978212658
    ],
    [
      760,
      10170.101179614
    ],
    [
      759,
      12335.194660324
    ]
  ],
  "rewards_inflation_est": [
    [
      769,
      150807.48735081602
    ],
    [
      768,
      150905.51220372075
    ],
    [
      767,
      151002.24904414619
    ],
    [
      766,
      151099.00475725235
    ],
    [
      765,
      151195.78962023908
    ],
    [
      764,
      151292.60383705018
    ],
    [
      763,
      151389.4430522466
    ],
    [
      762,
      151486.31534907376
    ],
    [
      761,
      151583.216159081
    ],
    [
      760,
      151680.14976765407
    ]
  ]
}