{
  "staked_sol": 4721858.013449945,
  "staked_usd": 541849382.9484707,
  "msol_directed_stake_sol": 944371.6026899889,
  "msol_directed_stake_msol": 124934.1918081132,
  "liquidity_sol": 9753.634160387,
  "liquidity_usd": 1119262.9334166334,
  "total_sol": 9186652.724864231,
  "total_usd": 1054199871.3537428,
  "self_staked_sol": 1214034.725192254,
  "self_staked_usd": 139314643.695271,
  "standard_staked_sol": 3507823.288257691,
  "standard_staked_usd": 402534739.2531998,
  "total_virtual_staked_sol": 4572560.67338211,
  "total_virtual_staked_usd": 524717001.720324,
  "marinade_native_stake_sol": 4455041.0772539,
  "marinade_native_stake_usd": 511231225.4718554
}