{
  "staked_sol": 2536629.435504099,
  "staked_usd": 188109217.86323735,
  "msol_directed_stake_sol": 507325.8871008198,
  "msol_directed_stake_msol": 26609.200490075465,
  "liquidity_sol": 7521.584801415,
  "liquidity_usd": 557779.3170270505,
  "total_sol": 6575802.978568055,
  "total_usd": 487642829.4207518,
  "self_staked_sol": 1214034.725192254,
  "self_staked_usd": 90029359.20332466,
  "standard_staked_sol": 1322594.710311845,
  "standard_staked_usd": 98079858.65991269,
  "total_virtual_staked_sol": 2506511.202481258,
  "total_virtual_staked_usd": 185875735.4404398,
  "marinade_native_stake_sol": 2584609.226383327,
  "marinade_native_stake_usd": 191667262.5698106,
  "marinade_select_stake_sol": 1151882.917698011,
  "marinade_select_stake_usd": 85420358.08834504,
  "recipe_usdg_sol": 295159.814181203,
  "recipe_usdg_usd": 21888211.58233179
}