{
  "staked_sol": 5461106.60613048,
  "staked_usd": 900564315.2120094,
  "msol_directed_stake_sol": 1092221.321226096,
  "msol_directed_stake_msol": 479668.10576848075,
  "liquidity_sol": 14725.736068924,
  "liquidity_usd": 2428348.936462142,
  "total_sol": 8363942.049339111,
  "total_usd": 1379256675.8686786,
  "self_staked_sol": 1214034.725192254,
  "self_staked_usd": 200200514.25274083,
  "standard_staked_sol": 4247071.880938226,
  "standard_staked_usd": 700363800.9592687,
  "total_virtual_staked_sol": 5407390.050836505,
  "total_virtual_staked_usd": 891706181.4448419,
  "marinade_native_stake_sol": 2888109.707139707,
  "marinade_native_stake_usd": 476264011.7202071
}