{
  "rewards_mev": [
    [
      817,
      16319.299911922
    ],
    [
      816,
      13031.072560828
    ],
    [
      815,
      16778.955567092
    ],
    [
      814,
      17503.795082994
    ],
    [
      813,
      16860.234600306
    ],
    [
      812,
      13960.891440603
    ],
    [
      811,
      16704.644505246
    ],
    [
      810,
      14390.943842846
    ],
    [
      809,
      12300.888917734
    ],
    [
      808,
      15417.524213702
    ]
  ],
  "rewards_inflation_est": [
    [
      818,
      146106.91217221486
    ],
    [
      817,
      146202.1325903671
    ],
    [
      816,
      146297.39107594144
    ],
    [
      815,
      146392.67085910263
    ],
    [
      814,
      146486.83932838993
    ],
    [
      813,
      146583.3309493527
    ],
    [
      812,
      146678.7098997702
    ],
    [
      811,
      146774.0997135568
    ],
    [
      810,
      146869.53771840458
    ],
    [
      809,
      146964.98757934585
    ]
  ],
  "rewards_jito_priority": [
    [
      817,
      35.389925044
    ],
    [
      816,
      29.034331133
    ],
    [
      815,
      40.696360926
    ]
  ]
}