{
  "staked_sol": 5717984.921917757,
  "staked_usd": 1053834233.4995352,
  "msol_directed_stake_sol": 1143596.9843835514,
  "msol_directed_stake_msol": 242400.82890593837,
  "liquidity_sol": 13950.585043307,
  "liquidity_usd": 2571116.275530985,
  "total_sol": 8786270.411273792,
  "total_usd": 1619324407.221223,
  "self_staked_sol": 1214034.725192254,
  "self_staked_usd": 223748640.74242824,
  "standard_staked_sol": 4503950.196725503,
  "standard_staked_usd": 830085592.7571069,
  "total_virtual_staked_sol": 5662305.357085084,
  "total_virtual_staked_usd": 1043572396.0990707,
  "marinade_native_stake_sol": 3054334.904312728,
  "marinade_native_stake_usd": 562919057.4461567
}