{
  "staked_sol": 4544137.244734849,
  "staked_usd": 940979998.8751595,
  "msol_directed_stake_sol": 908827.4489469698,
  "msol_directed_stake_msol": 34280.74887165308,
  "liquidity_sol": 9390.226031435,
  "liquidity_usd": 1944486.7979582301,
  "total_sol": 10392155.917101178,
  "total_usd": 2151962041.752756,
  "self_staked_sol": 1214034.725192254,
  "self_staked_usd": 251396983.14998186,
  "standard_staked_sol": 3330102.519542595,
  "standard_staked_usd": 689583015.7251776,
  "total_virtual_staked_sol": 4493137.39311907,
  "total_virtual_staked_usd": 930419173.4133728,
  "marinade_native_stake_sol": 4941423.757170293,
  "marinade_native_stake_usd": 1023248346.3943229,
  "marinade_select_stake_sol": 897204.689164601,
  "marinade_select_stake_usd": 185789209.68531537
}