{
  "rewards_mev": [
    [
      699,
      111012.321412413
    ],
    [
      698,
      89822.343909259
    ],
    [
      696,
      64464.664939194
    ],
    [
      695,
      37793.551643746
    ],
    [
      694,
      47429.818252541
    ],
    [
      693,
      40910.087715062
    ],
    [
      692,
      36953.192269837
    ],
    [
      691,
      44057.703482962
    ],
    [
      689,
      45789.526129088
    ],
    [
      688,
      65294.078444475
    ]
  ],
  "rewards_inflation_est": [
    [
      700,
      157816.0040291104
    ],
    [
      699,
      157929.99970926202
    ],
    [
      698,
      158042.4215744666
    ],
    [
      697,
      158152.36932350442
    ],
    [
      696,
      158262.1477457443
    ],
    [
      695,
      158368.3873309743
    ],
    [
      694,
      158472.30898607263
    ],
    [
      693,
      158577.09925763746
    ],
    [
      692,
      158680.62683562492
    ],
    [
      691,
      158783.9139995686
    ]
  ]
}