{
  "staked_sol": 5354957.799474659,
  "staked_usd": 1400281306.609544,
  "msol_directed_stake_sol": 1070991.559894932,
  "msol_directed_stake_msol": 464453.5331022225,
  "liquidity_sol": 14105.899907785,
  "liquidity_usd": 3688587.04278013,
  "total_sol": 8035156.537123715,
  "total_usd": 2101133177.1315966,
  "self_staked_sol": 1214034.725192254,
  "self_staked_usd": 317460976.3364229,
  "standard_staked_sol": 4140923.074282405,
  "standard_staked_usd": 1082820330.273121,
  "total_virtual_staked_sol": 5305487.291866699,
  "total_virtual_staked_usd": 1387345139.859788,
  "marinade_native_stake_sol": 2666092.837741271,
  "marinade_native_stake_usd": 697163283.4792727
}