{
  "staked_sol": 4859489.44204859,
  "staked_usd": 602624979.6092056,
  "msol_directed_stake_sol": 971897.8884097179,
  "msol_directed_stake_msol": 129507.71803117976,
  "liquidity_sol": 10199.437972414,
  "liquidity_usd": 1264831.6604964624,
  "total_sol": 9287495.842063503,
  "total_usd": 1151741774.354932,
  "self_staked_sol": 1214034.725192254,
  "self_staked_usd": 150552369.79904407,
  "standard_staked_sol": 3645454.716856336,
  "standard_staked_usd": 452072609.81016165,
  "total_virtual_staked_sol": 4822878.022394428,
  "total_virtual_staked_usd": 598084799.7640464,
  "marinade_native_stake_sol": 4417806.962042501,
  "marinade_native_stake_usd": 547851963.08523
}