{
  "rewards_mev": [
    [
      713,
      45821.029759147
    ],
    [
      712,
      34995.983165031
    ],
    [
      711,
      44346.055789981
    ],
    [
      710,
      49826.942482446
    ],
    [
      709,
      43919.55967458
    ],
    [
      708,
      27781.891984378
    ],
    [
      707,
      38964.814802529
    ],
    [
      706,
      46772.845571711
    ],
    [
      705,
      44294.049077162
    ],
    [
      704,
      51147.094107423
    ]
  ],
  "rewards_inflation_est": [
    [
      714,
      156355.64251874748
    ],
    [
      713,
      156459.3453698393
    ],
    [
      712,
      156563.65514984788
    ],
    [
      711,
      156665.94995180963
    ],
    [
      710,
      156769.08617651908
    ],
    [
      709,
      156872.86579749116
    ],
    [
      708,
      156976.5649252196
    ],
    [
      707,
      157078.59983257108
    ],
    [
      706,
      157181.89641086682
    ],
    [
      705,
      157283.71537922838
    ]
  ]
}