{
  "staked_sol": 5604872.268629769,
  "staked_usd": 1034227428.9581664,
  "msol_directed_stake_sol": 1120974.4537259538,
  "msol_directed_stake_msol": 243142.70693320228,
  "liquidity_sol": 13950.368142883,
  "liquidity_usd": 2574162.743758832,
  "total_sol": 8652796.839063007,
  "total_usd": 1596639387.8855064,
  "self_staked_sol": 1214034.725192254,
  "self_staked_usd": 224017239.3453088,
  "standard_staked_sol": 4390837.543437515,
  "standard_staked_usd": 810210189.6128577,
  "total_virtual_staked_sol": 5569029.137580293,
  "total_virtual_staked_usd": 1027613549.5521023,
  "marinade_native_stake_sol": 3033974.202290355,
  "marinade_native_stake_usd": 559837796.183581
}