{
  "rewards_mev": [
    [
      705,
      44294.049077162
    ],
    [
      704,
      51147.094107423
    ],
    [
      703,
      64331.102356244
    ],
    [
      702,
      61117.999272417
    ],
    [
      701,
      73820.625651296
    ],
    [
      700,
      116070.354050243
    ],
    [
      699,
      111012.321412413
    ],
    [
      698,
      89822.343909259
    ],
    [
      696,
      64464.664939194
    ],
    [
      695,
      37793.551643746
    ]
  ],
  "rewards_inflation_est": [
    [
      706,
      157181.89641086682
    ],
    [
      705,
      157283.71537922838
    ],
    [
      704,
      0
    ],
    [
      703,
      0
    ],
    [
      702,
      157600.5245862347
    ],
    [
      701,
      157707.06867299526
    ],
    [
      700,
      157816.0040291104
    ],
    [
      699,
      157929.99970926202
    ],
    [
      698,
      158042.4215744666
    ],
    [
      697,
      158152.36932350442
    ]
  ]
}