{
  "staked_sol": 5298525.314146406,
  "staked_usd": 1188081536.4681563,
  "msol_directed_stake_sol": 1059705.0628292812,
  "msol_directed_stake_msol": 436698.4139839637,
  "liquidity_sol": 14046.573735083,
  "liquidity_usd": 3149645.215572435,
  "total_sol": 8163752.07024822,
  "total_usd": 1830547657.6793785,
  "self_staked_sol": 1214034.725192254,
  "self_staked_usd": 272221449.5760082,
  "standard_staked_sol": 4084490.588954152,
  "standard_staked_usd": 915860086.892148,
  "total_virtual_staked_sol": 5259319.52038067,
  "total_virtual_staked_usd": 1179290471.608791,
  "marinade_native_stake_sol": 2851180.182366731,
  "marinade_native_stake_usd": 639316475.9956498
}