{
  "rewards_mev": [
    [
      857,
      4260.187764807
    ],
    [
      856,
      3378.104889906
    ],
    [
      855,
      2660.877845881
    ],
    [
      854,
      3720.5543814370003
    ],
    [
      853,
      4026.4808838919994
    ],
    [
      852,
      3395.365842932
    ],
    [
      851,
      4915.310800544
    ],
    [
      850,
      6555.370631683
    ],
    [
      849,
      13906.753832159
    ],
    [
      848,
      6648.776349341
    ]
  ],
  "rewards_inflation_est": [
    [
      858,
      142324.92875944078
    ],
    [
      857,
      142418.81845197774
    ],
    [
      856,
      142512.7447969651
    ],
    [
      855,
      142606.7010158804
    ],
    [
      854,
      142700.67620813093
    ],
    [
      853,
      142794.70603453706
    ],
    [
      852,
      142886.38707486718
    ],
    [
      851,
      142982.85498534914
    ],
    [
      850,
      143076.97605950292
    ],
    [
      849,
      143171.1429491514
    ]
  ],
  "rewards_jito_priority": [
    [
      857,
      14.519329665
    ],
    [
      856,
      9.968463402
    ],
    [
      855,
      8.257508062
    ],
    [
      854,
      11.991624814
    ],
    [
      853,
      11.684244427
    ],
    [
      852,
      10.17266485
    ],
    [
      851,
      15.288851345
    ],
    [
      850,
      19.880280769
    ],
    [
      849,
      28.042774828
    ],
    [
      848,
      19.089308206
    ]
  ]
}