{
  "staked_sol": 5130320.392978593,
  "staked_usd": 778664360.6834755,
  "msol_directed_stake_sol": 1026064.0785957186,
  "msol_directed_stake_msol": 119861.8628521102,
  "liquidity_sol": 9750.673164069,
  "liquidity_usd": 1479927.3932139757,
  "total_sol": 9587185.91061386,
  "total_usd": 1455113797.19261,
  "self_staked_sol": 1214034.725192254,
  "self_staked_usd": 184262482.79408574,
  "standard_staked_sol": 3916285.667786339,
  "standard_staked_usd": 594401877.8893898,
  "total_virtual_staked_sol": 4930592.335136624,
  "total_virtual_staked_usd": 748350246.0556802,
  "marinade_native_stake_sol": 4447114.844471197,
  "marinade_native_stake_usd": 674969509.1159207
}