{
  "staked_sol": 5483739.364668989,
  "staked_usd": 1016262282.8448756,
  "msol_directed_stake_sol": 1096747.8729337978,
  "msol_directed_stake_msol": 477380.85352836765,
  "liquidity_sol": 14720.112085647,
  "liquidity_usd": 2727973.3256970816,
  "total_sol": 8214000.830960287,
  "total_usd": 1522242156.4277399,
  "self_staked_sol": 1214034.725192254,
  "self_staked_usd": 224988391.90387103,
  "standard_staked_sol": 4269704.639476735,
  "standard_staked_usd": 791273890.9410046,
  "total_virtual_staked_sol": 5446729.11489896,
  "total_virtual_staked_usd": 1009403437.3712416,
  "marinade_native_stake_sol": 2715541.354205651,
  "marinade_native_stake_usd": 503251900.25716734
}