{
  "rewards_mev": [
    [
      995,
      3529.392679258
    ],
    [
      994,
      3750.008629245
    ],
    [
      993,
      2397.914985499
    ],
    [
      992,
      2559.770175577
    ],
    [
      991,
      2506.432176838
    ],
    [
      990,
      1901.6383621460002
    ],
    [
      989,
      2194.539191591
    ],
    [
      988,
      2354.119694745
    ],
    [
      987,
      2552.513610589
    ],
    [
      986,
      2450.272782063
    ]
  ],
  "rewards_inflation_est": [
    [
      996,
      129698.19088135437
    ],
    [
      995,
      129787.25402348442
    ],
    [
      994,
      129876.41816571655
    ],
    [
      993,
      129965.59112547858
    ],
    [
      992,
      130054.76358090449
    ],
    [
      991,
      130143.97872393126
    ],
    [
      990,
      130233.211375173
    ],
    [
      989,
      130322.45661785253
    ],
    [
      988,
      130411.7599700382
    ],
    [
      987,
      130487.01215777837
    ]
  ],
  "rewards_jito_priority": [
    [
      995,
      8.830910213
    ],
    [
      994,
      8.348595409
    ],
    [
      993,
      4.756783196
    ],
    [
      992,
      4.287869441
    ],
    [
      991,
      7.260848415
    ],
    [
      990,
      4.621168148
    ],
    [
      989,
      4.279764732
    ],
    [
      988,
      5.951925851
    ],
    [
      987,
      4.097336873
    ],
    [
      986,
      3.956832192
    ]
  ],
  "rewards_block": [
    [
      996,
      13212.217578596
    ],
    [
      995,
      14156.934618567
    ],
    [
      994,
      13652.782698803
    ],
    [
      993,
      9199.591424824
    ],
    [
      992,
      9534.031607632
    ],
    [
      991,
      9380.462694043
    ],
    [
      990,
      7480.330831323
    ],
    [
      989,
      9036.376657603
    ],
    [
      988,
      9604.517565718
    ],
    [
      987,
      8714.238716789
    ]
  ]
}