{
  "staked_sol": 2444872.452292657,
  "staked_usd": 199795777.49708405,
  "msol_directed_stake_sol": 488974.4904585314,
  "msol_directed_stake_msol": 26759.430117555465,
  "liquidity_sol": 7298.291708862,
  "liquidity_usd": 596418.7886387373,
  "total_sol": 6629411.505260164,
  "total_usd": 541757679.3421285,
  "self_staked_sol": 1214034.725192254,
  "self_staked_usd": 99211315.3390835,
  "standard_staked_sol": 1230837.727100403,
  "standard_staked_usd": 100584462.15800056,
  "total_virtual_staked_sol": 2414637.973847562,
  "total_virtual_staked_usd": 197325006.0167592,
  "marinade_native_stake_sol": 2652696.306428768,
  "marinade_native_stake_usd": 216779210.9193993,
  "marinade_select_stake_sol": 1214625.899447176,
  "marinade_select_stake_usd": 99259626.29280528,
  "recipe_usdg_sol": 309918.555382701,
  "recipe_usdg_usd": 25326645.84420121
}