{
  "rewards_mev": [
    [
      863,
      3249.216980321
    ],
    [
      862,
      13395.243895143
    ],
    [
      861,
      2670.759517122
    ],
    [
      860,
      3882.586079563
    ],
    [
      859,
      2973.84573863
    ],
    [
      858,
      4560.250490763
    ],
    [
      857,
      4260.187764807
    ],
    [
      856,
      3378.104889906
    ],
    [
      855,
      2660.877845881
    ],
    [
      854,
      3720.5543814370003
    ]
  ],
  "rewards_inflation_est": [
    [
      864,
      141762.2442308259
    ],
    [
      863,
      141855.9476050062
    ],
    [
      862,
      141949.676735972
    ],
    [
      861,
      142043.46115600364
    ],
    [
      860,
      142137.25781552552
    ],
    [
      859,
      142231.07625469367
    ],
    [
      858,
      142324.92875944078
    ],
    [
      857,
      142418.81845197774
    ],
    [
      856,
      142512.7447969651
    ],
    [
      855,
      142606.7010158804
    ]
  ],
  "rewards_jito_priority": [
    [
      863,
      7.620081374
    ],
    [
      862,
      11.432808282
    ],
    [
      861,
      7.676410436
    ],
    [
      860,
      10.642333737
    ],
    [
      859,
      9.840609518
    ],
    [
      858,
      14.254093828
    ],
    [
      857,
      14.519329665
    ],
    [
      856,
      9.968463402
    ],
    [
      855,
      8.257508062
    ],
    [
      854,
      11.991624814
    ]
  ]
}