{
  "staked_sol": 4947796.588971925,
  "staked_usd": 704530781.0310557,
  "msol_directed_stake_sol": 989559.317794385,
  "msol_directed_stake_msol": 78569.78719607083,
  "liquidity_sol": 9668.208815479,
  "liquidity_usd": 1376683.6581606707,
  "total_sol": 11101649.983666232,
  "total_usd": 1580795409.2451794,
  "self_staked_sol": 1214034.725192254,
  "self_staked_usd": 172869845.75011498,
  "standard_staked_sol": 3733761.863779671,
  "standard_staked_usd": 531660935.2809407,
  "total_virtual_staked_sol": 4916446.108088487,
  "total_virtual_staked_usd": 700066697.1938708,
  "marinade_native_stake_sol": 5302909.559641167,
  "marinade_native_stake_usd": 755096323.5065689,
  "marinade_select_stake_sol": 841275.626237662,
  "marinade_select_stake_usd": 119791621.0493943
}