{
  "rewards_mev": [
    [
      879,
      2959.060986957
    ],
    [
      878,
      3936.417926043
    ],
    [
      877,
      3041.617553032
    ],
    [
      876,
      2435.502685887
    ],
    [
      875,
      3017.730466264
    ],
    [
      874,
      4679.499809698
    ],
    [
      873,
      2592.603754295
    ],
    [
      872,
      3895.217821621
    ],
    [
      871,
      3335.07914252
    ],
    [
      870,
      1915.8489290719997
    ]
  ],
  "rewards_inflation_est": [
    [
      880,
      140267.81719741318
    ],
    [
      879,
      140360.9440717118
    ],
    [
      878,
      140454.12468288798
    ],
    [
      877,
      140547.3436044427
    ],
    [
      876,
      140640.5894294996
    ],
    [
      875,
      140733.85983791336
    ],
    [
      874,
      140827.17242685542
    ],
    [
      873,
      140920.53633316638
    ],
    [
      872,
      141013.9146190769
    ],
    [
      871,
      141107.33922242656
    ]
  ],
  "rewards_jito_priority": [
    [
      879,
      10.511726389
    ],
    [
      878,
      18.442747437
    ],
    [
      877,
      10.936569617
    ],
    [
      876,
      10.62905351
    ],
    [
      875,
      15.013985604
    ],
    [
      874,
      13.157105144
    ],
    [
      873,
      9.824046472
    ],
    [
      872,
      12.089019314
    ],
    [
      871,
      13.490427624
    ],
    [
      870,
      8.901337185
    ]
  ]
}