{
  "rewards_mev": [
    [
      684,
      34397.744711247
    ],
    [
      683,
      25867.839348556
    ],
    [
      682,
      20561.361189116
    ],
    [
      681,
      19832.352549926
    ],
    [
      680,
      18942.427135714
    ],
    [
      679,
      19695.739834836
    ],
    [
      678,
      22124.823544593
    ],
    [
      677,
      22456.33167391
    ],
    [
      676,
      21869.318345026
    ],
    [
      675,
      9830.755225249
    ]
  ],
  "rewards_inflation_est": [
    [
      685,
      159412.35528627565
    ],
    [
      684,
      159515.7422132234
    ],
    [
      683,
      159618.62079021992
    ],
    [
      682,
      159720.72628012128
    ],
    [
      681,
      159822.3049926178
    ],
    [
      680,
      159923.82791952384
    ],
    [
      679,
      160025.25697910777
    ],
    [
      678,
      160126.90048472604
    ],
    [
      677,
      160228.87860087282
    ],
    [
      676,
      160330.6701632528
    ]
  ]
}