{
  "staked_sol": 5313975.426255347,
  "staked_usd": 818591603.5406672,
  "msol_directed_stake_sol": 1062795.0852510694,
  "msol_directed_stake_msol": 491990.359854986,
  "liquidity_sol": 14835.584661747,
  "liquidity_usd": 2285348.3623052128,
  "total_sol": 8032641.247186545,
  "total_usd": 1237388612.4337857,
  "self_staked_sol": 1214034.725192254,
  "self_staked_usd": 187016038.41429326,
  "standard_staked_sol": 4099940.701063093,
  "standard_staked_usd": 631575565.1263739,
  "total_virtual_staked_sol": 5230103.957629857,
  "total_virtual_staked_usd": 805671619.0683582,
  "marinade_native_stake_sol": 2703830.236269451,
  "marinade_native_stake_usd": 416511660.53081334
}