{
  "rewards_mev": [
    [
      832,
      18234.472652843
    ],
    [
      831,
      13639.774257704
    ],
    [
      830,
      15956.371180859
    ],
    [
      829,
      17944.444083342
    ],
    [
      828,
      15835.018914183
    ],
    [
      826,
      13035.597814025
    ],
    [
      825,
      14632.31297206
    ],
    [
      824,
      12900.471023106
    ],
    [
      823,
      12480.304186201
    ],
    [
      822,
      16834.465626849
    ]
  ],
  "rewards_inflation_est": [
    [
      833,
      144682.253698394
    ],
    [
      832,
      144777.00162512087
    ],
    [
      831,
      144871.77957866798
    ],
    [
      830,
      144966.59043293676
    ],
    [
      829,
      145061.4423728399
    ],
    [
      828,
      145156.32505816643
    ],
    [
      827,
      145251.2486837249
    ],
    [
      826,
      145346.17913099137
    ],
    [
      825,
      145441.15865105763
    ],
    [
      824,
      145536.17845957616
    ]
  ],
  "rewards_jito_priority": [
    [
      832,
      28.791493006
    ],
    [
      831,
      32.388367193
    ],
    [
      830,
      34.520466164
    ],
    [
      829,
      35.939860582
    ],
    [
      828,
      29.589120728
    ],
    [
      826,
      29.735357435
    ],
    [
      825,
      32.635011021
    ],
    [
      824,
      30.065834831
    ],
    [
      823,
      29.583433589
    ],
    [
      822,
      35.371053324
    ]
  ]
}