{
  "staked_sol": 5197936.846806734,
  "staked_usd": 989015894.9911772,
  "msol_directed_stake_sol": 1039587.3693613468,
  "msol_directed_stake_msol": 245948.78513983727,
  "liquidity_sol": 10228.712279051,
  "liquidity_usd": 1946225.8444882196,
  "total_sol": 9831383.033607809,
  "total_usd": 1870625668.7127907,
  "self_staked_sol": 1214034.725192254,
  "self_staked_usd": 230995426.77668637,
  "standard_staked_sol": 3983902.12161448,
  "standard_staked_usd": 758020468.2144909,
  "total_virtual_staked_sol": 5163624.453142985,
  "total_virtual_staked_usd": 982487246.4660436,
  "marinade_native_stake_sol": 4623217.474522024,
  "marinade_native_stake_usd": 879663547.8771255
}