{
  "rewards_mev": [
    [
      988,
      2354.119694745
    ],
    [
      987,
      2552.513610589
    ],
    [
      986,
      2450.272782063
    ],
    [
      985,
      2634.885661006
    ],
    [
      984,
      2209.243956356
    ],
    [
      983,
      1807.903034866
    ],
    [
      982,
      2833.51014013
    ],
    [
      981,
      2396.751831497
    ],
    [
      980,
      2290.053776682
    ],
    [
      979,
      1968.0805325750002
    ]
  ],
  "rewards_inflation_est": [
    [
      989,
      130322.45661785253
    ],
    [
      988,
      130411.7599700382
    ],
    [
      987,
      130487.01215777837
    ],
    [
      986,
      130590.47324040582
    ],
    [
      985,
      130679.87161141625
    ],
    [
      984,
      130769.3139493438
    ],
    [
      983,
      130858.79381138721
    ],
    [
      982,
      130948.3064238793
    ],
    [
      981,
      131037.88730505104
    ],
    [
      980,
      131127.48393952256
    ]
  ],
  "rewards_jito_priority": [
    [
      988,
      5.951925851
    ],
    [
      987,
      4.097336873
    ],
    [
      986,
      3.956832192
    ],
    [
      985,
      4.238645224
    ],
    [
      984,
      4.534390555
    ],
    [
      983,
      4.390302017
    ],
    [
      982,
      4.724514011
    ],
    [
      981,
      5.397596333
    ],
    [
      980,
      4.559133711
    ],
    [
      979,
      4.54271887
    ]
  ],
  "rewards_block": [
    [
      989,
      9036.376657603
    ],
    [
      988,
      9604.517565718
    ],
    [
      987,
      8714.238716789
    ],
    [
      986,
      7993.421989336999
    ],
    [
      985,
      9248.235505717
    ],
    [
      984,
      9096.052668321
    ],
    [
      983,
      7143.566689832
    ],
    [
      982,
      9610.787673291
    ],
    [
      981,
      9457.814361817
    ],
    [
      980,
      9213.659942821
    ]
  ]
}