{
  "staked_sol": 2531664.611324402,
  "staked_usd": 181150236.07600695,
  "msol_directed_stake_sol": 506332.92226488044,
  "msol_directed_stake_msol": 26595.82899491247,
  "liquidity_sol": 7528.654710461,
  "liquidity_usd": 538703.8915163771,
  "total_sol": 6636137.24879379,
  "total_usd": 474840871.05159557,
  "self_staked_sol": 1214034.725192254,
  "self_staked_usd": 86868804.06247722,
  "standard_staked_sol": 1317629.886132148,
  "standard_staked_usd": 94281432.01352972,
  "total_virtual_staked_sol": 2501570.935223501,
  "total_virtual_staked_usd": 178996919.0427443,
  "marinade_native_stake_sol": 2592003.509647147,
  "marinade_native_stake_usd": 185467713.84412777,
  "marinade_select_stake_sol": 1210374.402105627,
  "marinade_select_stake_usd": 86606894.0178801,
  "recipe_usdg_sol": 294566.071006153,
  "recipe_usdg_usd": 21077323.22206439
}