{
  "rewards_mev": [
    [
      812,
      13960.891440603
    ],
    [
      811,
      16704.644505246
    ],
    [
      810,
      14390.943842846
    ],
    [
      809,
      12300.888917734
    ],
    [
      808,
      15417.524213702
    ],
    [
      807,
      14257.747094243
    ],
    [
      806,
      11843.337981638
    ],
    [
      805,
      13081.645463727
    ],
    [
      804,
      13328.517875253
    ],
    [
      803,
      15015.054893227
    ]
  ],
  "rewards_inflation_est": [
    [
      813,
      146583.3309493527
    ],
    [
      812,
      146678.7098997702
    ],
    [
      811,
      146774.0997135568
    ],
    [
      810,
      146869.53771840458
    ],
    [
      809,
      146964.98757934585
    ],
    [
      808,
      147060.4723287485
    ],
    [
      807,
      147156.0076091395
    ],
    [
      806,
      147251.56494355758
    ],
    [
      805,
      147347.15364337727
    ],
    [
      804,
      147442.76897442152
    ]
  ]
}