{
  "staked_sol": 5010129.544989739,
  "staked_usd": 764971669.6076933,
  "msol_directed_stake_sol": 1002025.9089979478,
  "msol_directed_stake_msol": 73691.47075259798,
  "liquidity_sol": 9663.91205357,
  "liquidity_usd": 1475534.4891139928,
  "total_sol": 11188250.340742286,
  "total_usd": 1708278092.6703563,
  "self_staked_sol": 1214034.725192254,
  "self_staked_usd": 185364901.71611676,
  "standard_staked_sol": 3796094.819797485,
  "standard_staked_usd": 579606767.8915766,
  "total_virtual_staked_sol": 4978959.731604857,
  "total_virtual_staked_usd": 760212506.4019759,
  "marinade_native_stake_sol": 5321600.723988953,
  "marinade_native_stake_usd": 812528649.061843,
  "marinade_select_stake_sol": 846856.159710024,
  "marinade_select_stake_usd": 129302239.51170574
}