{
  "staked_sol": 5337588.979850906,
  "staked_usd": 905896437.2598506,
  "msol_directed_stake_sol": 1067517.7959701812,
  "msol_directed_stake_msol": 488019.8445113203,
  "liquidity_sol": 14831.850947463,
  "liquidity_usd": 2517264.0647296864,
  "total_sol": 8068688.346911418,
  "total_usd": 1369419049.3909667,
  "self_staked_sol": 1214034.725192254,
  "self_staked_usd": 206046163.6167656,
  "standard_staked_sol": 4123554.254658652,
  "standard_staked_usd": 699850273.643085,
  "total_virtual_staked_sol": 5273397.774172903,
  "total_virtual_staked_usd": 895001895.7830467,
  "marinade_native_stake_sol": 2716267.516113049,
  "marinade_native_stake_usd": 461005348.06638634
}