{
  "staked_sol": 5039312.997785766,
  "staked_usd": 664916859.152927,
  "msol_directed_stake_sol": 1007862.5995571532,
  "msol_directed_stake_msol": 532918.0138716438,
  "liquidity_sol": 16401.765836325,
  "liquidity_usd": 2164146.3090788224,
  "total_sol": 7555372.773426843,
  "total_usd": 996900715.7213469,
  "self_staked_sol": 1214034.725192254,
  "self_staked_usd": 160186945.468978,
  "standard_staked_sol": 3825278.272593512,
  "standard_staked_usd": 504729913.6839491,
  "total_virtual_staked_sol": 5006014.582147207,
  "total_virtual_staked_usd": 660523268.6077698,
  "marinade_native_stake_sol": 2499658.009804752,
  "marinade_native_stake_usd": 329819710.259341
}