{
  "rewards_mev": [
    [
      782,
      24790.179805166
    ],
    [
      781,
      22861.795868875
    ],
    [
      780,
      34458.42740612
    ],
    [
      779,
      28160.981905951
    ],
    [
      778,
      24700.200120584
    ],
    [
      777,
      26705.351505863
    ],
    [
      776,
      26662.954397613
    ],
    [
      775,
      23438.124504587
    ],
    [
      774,
      16063.014218877
    ],
    [
      773,
      24490.910965082
    ]
  ],
  "rewards_inflation_est": [
    [
      783,
      149457.8819064529
    ],
    [
      782,
      149554.19861826877
    ],
    [
      781,
      149650.5313401359
    ],
    [
      780,
      149746.88878046055
    ],
    [
      779,
      149843.2918901536
    ],
    [
      778,
      149939.70909369012
    ],
    [
      777,
      150036.16886209836
    ],
    [
      776,
      150132.65387679197
    ],
    [
      775,
      150229.17392971885
    ],
    [
      774,
      150325.70496729712
    ]
  ]
}