{
  "staked_sol": 5056768.889636413,
  "staked_usd": 821639096.5589932,
  "msol_directed_stake_sol": 1011353.7779272827,
  "msol_directed_stake_msol": 114376.3522507623,
  "liquidity_sol": 9749.026868969,
  "liquidity_usd": 1584051.358440662,
  "total_sol": 9762445.689784797,
  "total_usd": 1586231689.013921,
  "self_staked_sol": 1214034.725192254,
  "self_staked_usd": 197260032.3583169,
  "standard_staked_sol": 3842734.164444159,
  "standard_staked_usd": 624379064.2006762,
  "total_virtual_staked_sol": 5271310.173666977,
  "total_virtual_staked_usd": 856498412.978762,
  "marinade_native_stake_sol": 4695927.773279413,
  "marinade_native_stake_usd": 763008541.0964868
}