{
  "staked_sol": 4960664.293352362,
  "staked_usd": 667742639.0573317,
  "msol_directed_stake_sol": 992132.8586704724,
  "msol_directed_stake_msol": 526954.7585649346,
  "liquidity_sol": 16391.852062351,
  "liquidity_usd": 2206466.2931977506,
  "total_sol": 7477334.577389637,
  "total_usd": 1006505344.5587274,
  "self_staked_sol": 1214034.725192254,
  "self_staked_usd": 163418184.21243766,
  "standard_staked_sol": 3746629.568160108,
  "standard_staked_usd": 504324454.84489405,
  "total_virtual_staked_sol": 4922157.002826495,
  "total_virtual_staked_usd": 662559268.7911465,
  "marinade_native_stake_sol": 2500278.431974924,
  "marinade_native_stake_usd": 336556239.20819783
}