{
  "rewards_mev": [
    [
      949,
      4648.580821823
    ],
    [
      948,
      2959.780615039
    ],
    [
      947,
      2005.5600137200001
    ],
    [
      946,
      2287.078426546
    ],
    [
      945,
      2644.696200483
    ],
    [
      944,
      1672.503290181
    ],
    [
      943,
      2058.686016554
    ],
    [
      942,
      2396.695495587
    ],
    [
      941,
      2883.97690178
    ],
    [
      940,
      2919.301137245
    ]
  ],
  "rewards_inflation_est": [
    [
      950,
      133831.99297430814
    ],
    [
      949,
      133922.70362882616
    ],
    [
      948,
      134013.48136062422
    ],
    [
      947,
      134104.28120068007
    ],
    [
      946,
      134195.10747449344
    ],
    [
      945,
      134285.9822880795
    ],
    [
      944,
      134376.89989337855
    ],
    [
      943,
      134467.8301462065
    ],
    [
      942,
      134558.81338993553
    ],
    [
      941,
      134649.8324770799
    ]
  ],
  "rewards_jito_priority": [
    [
      949,
      7.380184878
    ],
    [
      948,
      10.501955241
    ],
    [
      947,
      4.67735175
    ],
    [
      946,
      6.738252863
    ],
    [
      945,
      10.28394064
    ],
    [
      944,
      8.250908459
    ],
    [
      943,
      9.379877586
    ],
    [
      942,
      9.837356366
    ],
    [
      941,
      7.655609479
    ],
    [
      940,
      6.10632359
    ]
  ],
  "rewards_block": [
    [
      950,
      10511.276634993
    ],
    [
      949,
      13413.35512165
    ],
    [
      948,
      13445.188802851
    ],
    [
      947,
      9779.766949523
    ],
    [
      946,
      11606.442135543
    ],
    [
      945,
      11933.088712607
    ],
    [
      944,
      8792.639692525
    ],
    [
      943,
      10177.491907346
    ],
    [
      942,
      10952.804944794
    ],
    [
      941,
      12754.236504554
    ]
  ]
}