{
  "staked_sol": 2830346.657486124,
  "staked_usd": 226688534.5236989,
  "msol_directed_stake_sol": 566069.3314972249,
  "msol_directed_stake_msol": 28291.368660478474,
  "liquidity_sol": 7675.508080796,
  "liquidity_usd": 614747.9051579689,
  "total_sol": 6844187.844455705,
  "total_usd": 548165684.3556393,
  "self_staked_sol": 1214034.725192254,
  "self_staked_usd": 97234645.08730865,
  "standard_staked_sol": 1616311.93229387,
  "standard_staked_usd": 129453889.43639027,
  "total_virtual_staked_sol": 2799488.118211823,
  "total_virtual_staked_usd": 224217007.92566502,
  "marinade_native_stake_sol": 2850400.057956442,
  "marinade_native_stake_usd": 228294654.37930372,
  "marinade_select_stake_sol": 898135.470409928,
  "marinade_select_stake_usd": 71933596.20895755,
  "recipe_usdg_sol": 257630.150522415,
  "recipe_usdg_usd": 20634151.338521168
}