{
  "rewards_mev": [
    [
      974,
      2466.524360596
    ],
    [
      973,
      2539.211853456
    ],
    [
      972,
      2609.46058637
    ],
    [
      971,
      2871.641923555
    ],
    [
      970,
      3836.793333764
    ],
    [
      969,
      2914.691094327
    ],
    [
      968,
      3392.516614995
    ],
    [
      967,
      3090.874862344
    ],
    [
      966,
      2506.29620058
    ],
    [
      965,
      2968.247833329
    ]
  ],
  "rewards_inflation_est": [
    [
      975,
      131575.9295863722
    ],
    [
      974,
      131665.7342611629
    ],
    [
      973,
      131755.56936039752
    ],
    [
      972,
      131845.44508691775
    ],
    [
      971,
      131935.3512300451
    ],
    [
      970,
      132025.30579080316
    ],
    [
      969,
      132115.34736515355
    ],
    [
      968,
      132205.36686758485
    ],
    [
      967,
      132295.43625485306
    ],
    [
      966,
      132385.53752332155
    ]
  ],
  "rewards_jito_priority": [
    [
      974,
      5.332465942
    ],
    [
      973,
      5.152233354
    ],
    [
      972,
      6.673914456
    ],
    [
      971,
      6.164705005
    ],
    [
      970,
      8.502670922
    ],
    [
      969,
      7.999374729
    ],
    [
      968,
      6.501037498
    ],
    [
      967,
      14.528245718
    ],
    [
      966,
      5.396611099
    ],
    [
      965,
      6.795714712
    ]
  ],
  "rewards_block": [
    [
      975,
      9395.092656092
    ],
    [
      974,
      8600.776535142
    ],
    [
      973,
      8538.26957497
    ],
    [
      972,
      8549.807814752
    ],
    [
      971,
      9626.666595715
    ],
    [
      970,
      11714.464886325
    ],
    [
      969,
      8525.000236868
    ],
    [
      968,
      10899.465757331
    ],
    [
      967,
      10282.41564407
    ],
    [
      966,
      8991.020382846
    ]
  ]
}