{
  "rewards_mev": [
    [
      710,
      49826.942482446
    ],
    [
      709,
      43919.55967458
    ],
    [
      708,
      27781.891984378
    ],
    [
      707,
      38964.814802529
    ],
    [
      706,
      46772.845571711
    ],
    [
      705,
      44294.049077162
    ],
    [
      704,
      51147.094107423
    ],
    [
      703,
      64331.102356244
    ],
    [
      702,
      61117.999272417
    ],
    [
      701,
      73820.625651296
    ]
  ],
  "rewards_inflation_est": [
    [
      711,
      156665.94995180963
    ],
    [
      710,
      156769.08617651908
    ],
    [
      709,
      156872.86579749116
    ],
    [
      708,
      156976.5649252196
    ],
    [
      707,
      157078.59983257108
    ],
    [
      706,
      157181.89641086682
    ],
    [
      705,
      157283.71537922838
    ],
    [
      704,
      157283.71537922838
    ],
    [
      703,
      157283.71537922838
    ],
    [
      702,
      157600.5245862347
    ]
  ]
}