{
  "staked_sol": 5559882.911734165,
  "staked_usd": 1216195700.7815642,
  "msol_directed_stake_sol": 1111976.582346833,
  "msol_directed_stake_msol": 254530.2179251323,
  "liquidity_sol": 14034.871801521,
  "liquidity_usd": 3070055.793802007,
  "total_sol": 8679220.771914119,
  "total_usd": 1898534763.503433,
  "self_staked_sol": 1214034.725192254,
  "self_staked_usd": 265563832.33578125,
  "standard_staked_sol": 4345848.186541911,
  "standard_staked_usd": 950631868.445783,
  "total_virtual_staked_sol": 5508663.405453672,
  "total_virtual_staked_usd": 1204991698.0492368,
  "marinade_native_stake_sol": 3105302.988378433,
  "marinade_native_stake_usd": 679269006.9280667
}