{
  "rewards_mev": [
    [
      984,
      2209.243956356
    ],
    [
      983,
      1807.903034866
    ],
    [
      982,
      2833.51014013
    ],
    [
      981,
      2396.751831497
    ],
    [
      980,
      2290.053776682
    ],
    [
      979,
      1968.0805325750002
    ],
    [
      978,
      2715.593482124
    ],
    [
      977,
      2270.444711119
    ],
    [
      976,
      2056.868329733
    ],
    [
      975,
      2255.276407553
    ]
  ],
  "rewards_inflation_est": [
    [
      985,
      130679.87161141625
    ],
    [
      984,
      130769.3139493438
    ],
    [
      983,
      130858.79381138721
    ],
    [
      982,
      130948.3064238793
    ],
    [
      981,
      131037.88730505104
    ],
    [
      980,
      131127.48393952256
    ],
    [
      979,
      131217.10775598328
    ],
    [
      978,
      131306.7520897987
    ],
    [
      977,
      131396.44206263713
    ],
    [
      976,
      131486.16703167668
    ]
  ],
  "rewards_jito_priority": [
    [
      984,
      4.534390555
    ],
    [
      983,
      4.390302017
    ],
    [
      982,
      4.724514011
    ],
    [
      981,
      5.397596333
    ],
    [
      980,
      4.559133711
    ],
    [
      979,
      4.54271887
    ],
    [
      978,
      4.708782027
    ],
    [
      977,
      3.838415331
    ],
    [
      976,
      5.199942298
    ],
    [
      975,
      6.274280367
    ]
  ],
  "rewards_block": [
    [
      984,
      9096.052668321
    ],
    [
      983,
      7143.566689832
    ],
    [
      982,
      9610.787673291
    ],
    [
      981,
      9457.814361817
    ],
    [
      980,
      9213.659942821
    ],
    [
      979,
      7895.857131138
    ],
    [
      978,
      8792.294778285
    ],
    [
      977,
      8692.134715927
    ],
    [
      976,
      8331.292425261
    ],
    [
      975,
      9395.092656092
    ]
  ]
}