{
  "staked_sol": 2540847.765761517,
  "staked_usd": 169747388.7393594,
  "msol_directed_stake_sol": 508169.55315230344,
  "msol_directed_stake_msol": 28880.03867130157,
  "liquidity_sol": 7530.631960545,
  "liquidity_usd": 503101.81038199895,
  "total_sol": 6563838.303244844,
  "total_usd": 438512856.652498,
  "self_staked_sol": 1214034.725192254,
  "self_staked_usd": 81106482.33918373,
  "standard_staked_sol": 1326813.040569263,
  "standard_staked_usd": 88640906.40017569,
  "total_virtual_staked_sol": 2510749.090365691,
  "total_virtual_staked_usd": 167736575.01734024,
  "marinade_native_stake_sol": 2579624.761855962,
  "marinade_native_stake_usd": 172337978.3523564,
  "marinade_select_stake_sol": 1149433.735003388,
  "marinade_select_stake_usd": 76790659.27323535,
  "recipe_usdg_sol": 286401.408663432,
  "recipe_usdg_usd": 19133728.477164812
}