{
  "staked_sol": 2868307.480236243,
  "staked_usd": 244197591.46804872,
  "msol_directed_stake_sol": 573661.4960472486,
  "msol_directed_stake_msol": 33742.603869286126,
  "liquidity_sol": 7834.563393402,
  "liquidity_usd": 667007.1197230694,
  "total_sol": 7425294.70208818,
  "total_usd": 632163425.5338105,
  "self_staked_sol": 1214034.725192254,
  "self_staked_usd": 103358638.46302317,
  "standard_staked_sol": 1654272.755043989,
  "standard_staked_usd": 140838953.00502557,
  "total_virtual_staked_sol": 2837660.486676647,
  "total_virtual_staked_usd": 241588414.43087357,
  "marinade_native_stake_sol": 2781063.590643018,
  "marinade_native_stake_usd": 236769954.13984457,
  "marinade_select_stake_sol": 1501631.24950123,
  "marinade_select_stake_usd": 127843593.1043051,
  "recipe_usdg_sol": 266457.818314287,
  "recipe_usdg_usd": 22685279.701889064
}