{
  "staked_sol": 2442047.358134248,
  "staked_usd": 195647709.3307166,
  "msol_directed_stake_sol": 488409.4716268496,
  "msol_directed_stake_msol": 26784.45935250748,
  "liquidity_sol": 7477.981178767,
  "liquidity_usd": 599107.9096687798,
  "total_sol": 6649478.556946124,
  "total_usd": 532731375.40795803,
  "self_staked_sol": 1214034.725192254,
  "self_staked_usd": 97263925.79596855,
  "standard_staked_sol": 1228012.632941994,
  "standard_staked_usd": 98383783.53474805,
  "total_virtual_staked_sol": 2411937.62439918,
  "total_virtual_staked_usd": 193235429.97249624,
  "marinade_native_stake_sol": 2674977.262533896,
  "marinade_native_stake_usd": 214309182.90067706,
  "marinade_select_stake_sol": 1214995.278753464,
  "marinade_select_stake_usd": 97340881.75806905,
  "recipe_usdg_sol": 309980.676345749,
  "recipe_usdg_usd": 24834493.508826565
}