{
  "rewards_mev": [
    [
      869,
      2052.19069297
    ],
    [
      868,
      2946.345354179
    ],
    [
      867,
      3535.12429765
    ],
    [
      866,
      2445.936559887
    ],
    [
      865,
      3074.976974787
    ],
    [
      864,
      3368.827418876
    ],
    [
      863,
      3249.216980321
    ],
    [
      862,
      13395.243895143
    ],
    [
      861,
      2670.759517122
    ],
    [
      860,
      3882.586079563
    ]
  ],
  "rewards_inflation_est": [
    [
      870,
      141200.7999846566
    ],
    [
      869,
      141294.27604513662
    ],
    [
      868,
      141387.7893914526
    ],
    [
      867,
      141481.34686626017
    ],
    [
      866,
      141574.94943364908
    ],
    [
      865,
      141668.5663555503
    ],
    [
      864,
      141762.2442308259
    ],
    [
      863,
      141855.9476050062
    ],
    [
      862,
      141949.676735972
    ],
    [
      861,
      142043.46115600364
    ]
  ],
  "rewards_jito_priority": [
    [
      869,
      8.922125340000001
    ],
    [
      868,
      9.042636572
    ],
    [
      867,
      11.606991687
    ],
    [
      866,
      9.830162829
    ],
    [
      865,
      10.723664574
    ],
    [
      864,
      8.94211724
    ],
    [
      863,
      7.620081374
    ],
    [
      862,
      11.432808282
    ],
    [
      861,
      7.676410436
    ],
    [
      860,
      10.642333737
    ]
  ]
}