{
  "staked_sol": 4229340.347705634,
  "staked_usd": 849200492.0741452,
  "msol_directed_stake_sol": 845868.069541127,
  "msol_directed_stake_msol": 29189.149220425486,
  "liquidity_sol": 9178.559999197,
  "liquidity_usd": 1842944.0591317143,
  "total_sol": 9653608.349477625,
  "total_usd": 1938328033.8539577,
  "self_staked_sol": 1214034.725192254,
  "self_staked_usd": 243763518.95813832,
  "standard_staked_sol": 3015305.62251338,
  "standard_staked_usd": 605436973.1160069,
  "total_virtual_staked_sol": 4178428.079622678,
  "total_virtual_staked_usd": 838977923.1735101,
  "marinade_native_stake_sol": 4474071.877775152,
  "marinade_native_stake_usd": 898339629.3095385,
  "marinade_select_stake_sol": 941017.56399764,
  "marinade_select_stake_usd": 188944968.411142
}