{
  "staked_sol": 5351432.760319036,
  "staked_usd": 891524790.3432947,
  "msol_directed_stake_sol": 1070286.5520638074,
  "msol_directed_stake_msol": 484336.68189844437,
  "liquidity_sol": 14814.573962166,
  "liquidity_usd": 2468041.8379876795,
  "total_sol": 8098076.773443957,
  "total_usd": 1349103412.297778,
  "self_staked_sol": 1214034.725192254,
  "self_staked_usd": 202252761.5168947,
  "standard_staked_sol": 4137398.035126782,
  "standard_staked_usd": 689272028.8263999,
  "total_virtual_staked_sol": 5296331.020051977,
  "total_virtual_staked_usd": 882345086.5818272,
  "marinade_native_stake_sol": 2731829.439162755,
  "marinade_native_stake_usd": 455110580.1164955
}