{
  "staked_sol": 4925561.452840471,
  "staked_usd": 703891978.5111866,
  "msol_directed_stake_sol": 985112.2905680942,
  "msol_directed_stake_msol": 128631.79827775604,
  "liquidity_sol": 10144.085358743,
  "liquidity_usd": 1449650.0311115358,
  "total_sol": 9373660.941613851,
  "total_usd": 1339551807.293085,
  "self_staked_sol": 1214034.725192254,
  "self_staked_usd": 173492770.90108362,
  "standard_staked_sol": 3711526.727648217,
  "standard_staked_usd": 530399207.6101031,
  "total_virtual_staked_sol": 4892744.237855229,
  "total_virtual_staked_usd": 699202203.6283928,
  "marinade_native_stake_sol": 4437955.403414638,
  "marinade_native_stake_usd": 634210178.750787
}