{
  "staked_sol": 5212140.849885846,
  "staked_usd": 1009937063.2078139,
  "msol_directed_stake_sol": 1042428.1699771691,
  "msol_directed_stake_msol": 242139.27001713554,
  "liquidity_sol": 10228.712279051,
  "liquidity_usd": 1981979.3702867264,
  "total_sol": 9898475.390180286,
  "total_usd": 1917990601.8872159,
  "self_staked_sol": 1214034.725192254,
  "self_staked_usd": 235238973.8316116,
  "standard_staked_sol": 3998106.124693592,
  "standard_staked_usd": 774698089.3762023,
  "total_virtual_staked_sol": 5100109.697363805,
  "total_virtual_staked_usd": 988229205.2614242,
  "marinade_native_stake_sol": 4676105.828015389,
  "marinade_native_stake_usd": 906071559.309115
}