{
  "staked_sol": 5370616.008743679,
  "staked_usd": 740548563.1470661,
  "msol_directed_stake_sol": 1074123.201748736,
  "msol_directed_stake_msol": 649680.2879698393,
  "liquidity_sol": 17592.658388236,
  "liquidity_usd": 2425833.0646120748,
  "total_sol": 7889397.487446245,
  "total_usd": 1087860678.1628933,
  "self_staked_sol": 1214034.725192254,
  "self_staked_usd": 167401964.6699853,
  "standard_staked_sol": 4156581.283551425,
  "standard_staked_usd": 573146598.4770808,
  "total_virtual_staked_sol": 5271496.041573963,
  "total_virtual_staked_usd": 726881015.672584,
  "marinade_native_stake_sol": 2501188.82031433,
  "marinade_native_stake_usd": 344886281.95121515
}