{
  "staked_sol": 4695182.706728731,
  "staked_usd": 662668690.8524458,
  "msol_directed_stake_sol": 939036.5413457463,
  "msol_directed_stake_msol": 124815.67182031219,
  "liquidity_sol": 9750.141166764,
  "liquidity_usd": 1376115.411514557,
  "total_sol": 9085913.618084218,
  "total_usd": 1282367664.5992012,
  "self_staked_sol": 1214034.725192254,
  "self_staked_usd": 171346431.4902199,
  "standard_staked_sol": 3481147.981536477,
  "standard_staked_usd": 491322259.3622259,
  "total_virtual_staked_sol": 4638396.763693863,
  "total_virtual_staked_usd": 654654036.4970766,
  "marinade_native_stake_sol": 4380980.770188723,
  "marinade_native_stake_usd": 618322858.3352406
}