{
  "rewards_mev": [
    [
      922,
      9486.43627406
    ],
    [
      921,
      7533.811771482001
    ],
    [
      920,
      5809.898434984
    ],
    [
      919,
      6270.721076444
    ],
    [
      918,
      7358.534487157
    ],
    [
      917,
      7204.773574599
    ],
    [
      916,
      8538.449662293
    ],
    [
      915,
      4304.301498752
    ],
    [
      914,
      3970.0377759439993
    ],
    [
      913,
      4730.031891395
    ]
  ],
  "rewards_inflation_est": [
    [
      923,
      136294.60245715533
    ],
    [
      922,
      136373.51679908298
    ],
    [
      921,
      136478.0713079214
    ],
    [
      920,
      136569.8746087441
    ],
    [
      919,
      136661.7118264959
    ],
    [
      918,
      136753.5836877396
    ],
    [
      917,
      136845.50313549282
    ],
    [
      916,
      136937.42762956803
    ],
    [
      915,
      137029.38969662332
    ],
    [
      914,
      137121.36488086302
    ]
  ],
  "rewards_jito_priority": [
    [
      922,
      16.190419574
    ],
    [
      921,
      18.570562057
    ],
    [
      920,
      27.848707317
    ],
    [
      919,
      15.11952978
    ],
    [
      918,
      23.822958571
    ],
    [
      917,
      27.254246059
    ],
    [
      916,
      27.405103023
    ],
    [
      915,
      16.753647376
    ],
    [
      914,
      16.334522778
    ],
    [
      913,
      24.39132771
    ]
  ],
  "rewards_block": [
    [
      923,
      13632.021083668
    ],
    [
      922,
      17929.52439839
    ],
    [
      921,
      17112.020736109
    ],
    [
      920,
      15657.590830007
    ],
    [
      919,
      15773.429168828
    ],
    [
      918,
      19595.87778664
    ],
    [
      917,
      19020.159956962
    ],
    [
      916,
      19923.005749243
    ],
    [
      915,
      12911.43969117
    ],
    [
      914,
      12714.451432844
    ]
  ]
}