{
  "staked_sol": 5435073.559007831,
  "staked_usd": 924928113.5157549,
  "msol_directed_stake_sol": 1087014.7118015662,
  "msol_directed_stake_msol": 107272.5333853833,
  "liquidity_sol": 9748.009568971,
  "liquidity_usd": 1658893.4819877169,
  "total_sol": 10506731.280472076,
  "total_usd": 1788010969.3010333,
  "self_staked_sol": 1214034.725192254,
  "self_staked_usd": 206601591.66634592,
  "standard_staked_sol": 4221038.833815577,
  "standard_staked_usd": 718326521.849409,
  "total_virtual_staked_sol": 5381748.801137797,
  "total_virtual_staked_usd": 915853430.8707201,
  "marinade_native_stake_sol": 5061909.711895274,
  "marinade_native_stake_usd": 861423962.3032907
}