{
  "rewards_mev": [
    [
      797,
      15389.358989672
    ],
    [
      796,
      13324.176591741
    ],
    [
      795,
      10728.035540694
    ],
    [
      794,
      14395.690419938
    ],
    [
      793,
      16455.772606813
    ],
    [
      792,
      12872.675365577
    ],
    [
      791,
      21149.406015245
    ],
    [
      790,
      24857.396571133
    ],
    [
      789,
      23148.693282536
    ],
    [
      788,
      24717.465583258
    ]
  ],
  "rewards_inflation_est": [
    [
      798,
      148017.13565555695
    ],
    [
      797,
      148112.9764166125
    ],
    [
      796,
      148208.84954833225
    ],
    [
      795,
      148304.74306858325
    ],
    [
      794,
      148400.6605627241
    ],
    [
      793,
      148496.61040414794
    ],
    [
      792,
      148592.5890130253
    ],
    [
      791,
      148688.60014160897
    ],
    [
      790,
      148784.64342288187
    ],
    [
      789,
      148880.71735018448
    ]
  ]
}