{
  "staked_sol": 5545969.048710845,
  "staked_usd": 1200852699.7368524,
  "msol_directed_stake_sol": 1109193.8097421692,
  "msol_directed_stake_msol": 237335.23080746245,
  "liquidity_sol": 13931.741202621,
  "liquidity_usd": 3016599.7841425813,
  "total_sol": 8766795.535787605,
  "total_usd": 1898248979.5248077,
  "self_staked_sol": 1214034.725192254,
  "self_staked_usd": 262871441.31471267,
  "standard_staked_sol": 4331934.323518591,
  "standard_staked_usd": 937981258.4221396,
  "total_virtual_staked_sol": 5498470.589280598,
  "total_virtual_staked_usd": 1190567995.1632824,
  "marinade_native_stake_sol": 3206894.745874138,
  "marinade_native_stake_usd": 694379680.0038127
}