{
  "staked_sol": 2842233.098417918,
  "staked_usd": 224030369.66723102,
  "msol_directed_stake_sol": 568446.6196835836,
  "msol_directed_stake_msol": 28177.542875462463,
  "liquidity_sol": 7677.926301421,
  "liquidity_usd": 605189.1621917151,
  "total_sol": 6858147.989121653,
  "total_usd": 540572632.8677022,
  "self_staked_sol": 1214034.725192254,
  "self_staked_usd": 95692590.59894468,
  "standard_staked_sol": 1628198.373225664,
  "standard_staked_usd": 128337779.06828633,
  "total_virtual_staked_sol": 2811387.59161558,
  "total_virtual_staked_usd": 221599066.51502037,
  "marinade_native_stake_sol": 2852094.710930469,
  "marinade_native_stake_usd": 224807681.2459089,
  "marinade_select_stake_sol": 897861.681134826,
  "marinade_select_stake_usd": 70771213.11641978,
  "recipe_usdg_sol": 258280.572337019,
  "recipe_usdg_usd": 20358179.675950814
}