{
  "staked_sol": 5081700.120808458,
  "staked_usd": 855542681.8261554,
  "msol_directed_stake_sol": 1016340.0241616917,
  "msol_directed_stake_msol": 208276.13418527105,
  "liquidity_sol": 10212.476361011,
  "liquidity_usd": 1719347.6998393892,
  "total_sol": 9589334.621367255,
  "total_usd": 1614437071.0304208,
  "self_staked_sol": 1214034.725192254,
  "self_staked_usd": 204391935.75551212,
  "standard_staked_sol": 3867665.395616204,
  "standard_staked_usd": 651150746.0706433,
  "total_virtual_staked_sol": 5031582.993630889,
  "total_virtual_staked_usd": 847105084.0987046,
  "marinade_native_stake_sol": 4497422.024197787,
  "marinade_native_stake_usd": 757175041.5044261
}