{
  "staked_sol": 5253603.077423812,
  "staked_usd": 1136085150.394651,
  "msol_directed_stake_sol": 1050720.6154847625,
  "msol_directed_stake_msol": 461153.54707991844,
  "liquidity_sol": 14400.831510865,
  "liquidity_usd": 3114161.955465383,
  "total_sol": 7982790.774168659,
  "total_usd": 1726268605.2954776,
  "self_staked_sol": 1214034.725192254,
  "self_staked_usd": 262533503.7740815,
  "standard_staked_sol": 4039568.352231558,
  "standard_staked_usd": 873551646.6205695,
  "total_virtual_staked_sol": 5400838.056835566,
  "total_virtual_staked_usd": 1167924532.1034,
  "marinade_native_stake_sol": 2714786.865233982,
  "marinade_native_stake_usd": 587069292.9453613
}