{
  "staked_sol": 2301574.550438886,
  "staked_usd": 157649844.48675445,
  "msol_directed_stake_sol": 460314.91008777724,
  "msol_directed_stake_msol": 26590.611606273465,
  "liquidity_sol": 7523.549015217,
  "liquidity_usd": 515336.91663876816,
  "total_sol": 6417766.881415203,
  "total_usd": 439594689.9110515,
  "self_staked_sol": 1214034.725192254,
  "self_staked_usd": 83157152.3901244,
  "standard_staked_sol": 1087539.825246632,
  "standard_staked_usd": 74492692.09663005,
  "total_virtual_staked_sol": 2499590.230628858,
  "total_virtual_staked_usd": 171213229.2495618,
  "marinade_native_stake_sol": 2590505.652390401,
  "marinade_native_stake_usd": 177440619.1463704,
  "marinade_select_stake_sol": 1213055.826491047,
  "marinade_select_stake_usd": 83090101.2368241,
  "recipe_usdg_sol": 305107.303079652,
  "recipe_usdg_usd": 20898788.124463756
}