{
  "rewards_mev": [
    [
      836,
      11507.598069288
    ],
    [
      835,
      9303.205459967
    ],
    [
      834,
      7821.120221416
    ],
    [
      833,
      14844.486658145
    ],
    [
      832,
      18234.472652843
    ],
    [
      831,
      13639.774257704
    ],
    [
      830,
      15956.371180859
    ],
    [
      829,
      17944.444083342
    ],
    [
      828,
      15835.018914183
    ],
    [
      826,
      13035.597814025
    ]
  ],
  "rewards_inflation_est": [
    [
      837,
      144303.63547025606
    ],
    [
      836,
      144398.23730957165
    ],
    [
      835,
      144492.88854248726
    ],
    [
      834,
      144587.55815570732
    ],
    [
      833,
      144682.253698394
    ],
    [
      832,
      144777.00162512087
    ],
    [
      831,
      144871.77957866798
    ],
    [
      830,
      144966.59043293676
    ],
    [
      829,
      145061.4423728399
    ],
    [
      828,
      145156.32505816643
    ]
  ],
  "rewards_jito_priority": [
    [
      836,
      23.712168139
    ],
    [
      835,
      27.84410316
    ],
    [
      834,
      21.926797328
    ],
    [
      833,
      29.338962981
    ],
    [
      832,
      28.791493006
    ],
    [
      831,
      32.388367193
    ],
    [
      830,
      34.520466164
    ],
    [
      829,
      35.939860582
    ],
    [
      828,
      29.589120728
    ],
    [
      826,
      29.735357435
    ]
  ]
}