{
  "staked_sol": 5277002.976366096,
  "staked_usd": 779486859.3424394,
  "msol_directed_stake_sol": 1055400.5952732193,
  "msol_directed_stake_msol": 119662.6930274622,
  "liquidity_sol": 9749.404933662,
  "liquidity_usd": 1440122.9383863534,
  "total_sol": 9912404.409444824,
  "total_usd": 1464200231.8844733,
  "self_staked_sol": 1214034.725192254,
  "self_staked_usd": 179329842.96409076,
  "standard_staked_sol": 4062968.251173842,
  "standard_staked_usd": 600157016.3783487,
  "total_virtual_staked_sol": 5229176.028667823,
  "total_virtual_staked_usd": 772422152.8375865,
  "marinade_native_stake_sol": 4625652.028145067,
  "marinade_native_stake_usd": 683273249.6036477
}