{
  "staked_sol": 5382242.68589243,
  "staked_usd": 1254990724.0594916,
  "msol_directed_stake_sol": 1076448.5371784861,
  "msol_directed_stake_msol": 449956.95692440856,
  "liquidity_sol": 14065.813131504,
  "liquidity_usd": 3279760.1365432953,
  "total_sol": 8068831.56140743,
  "total_usd": 1881429239.5449176,
  "self_staked_sol": 1214034.725192254,
  "self_staked_usd": 283079453.6255223,
  "standard_staked_sol": 4168207.960700176,
  "standard_staked_usd": 971911270.4339694,
  "total_virtual_staked_sol": 5317650.172646787,
  "total_virtual_staked_usd": 1239929529.3683922,
  "marinade_native_stake_sol": 2672523.062383496,
  "marinade_native_stake_usd": 623158755.3488827
}