{
  "staked_sol": 4947831.399216052,
  "staked_usd": 690947099.4999341,
  "msol_directed_stake_sol": 989566.2798432105,
  "msol_directed_stake_msol": 78569.78719607048,
  "liquidity_sol": 9668.208815479,
  "liquidity_usd": 1350131.057309944,
  "total_sol": 11099943.800131733,
  "total_usd": 1550067767.9777992,
  "self_staked_sol": 1214034.725192254,
  "self_staked_usd": 169535641.8564898,
  "standard_staked_sol": 3733796.674023798,
  "standard_staked_usd": 521411457.6434443,
  "total_virtual_staked_sol": 4916480.905310209,
  "total_virtual_staked_usd": 686569114.2606705,
  "marinade_native_stake_sol": 5301147.875813649,
  "marinade_native_stake_usd": 740286491.8545978,
  "marinade_select_stake_sol": 841296.316286553,
  "marinade_select_stake_usd": 117484045.56595731
}