{
  "staked_sol": 5425394.275077085,
  "staked_usd": 736433148.9131904,
  "msol_directed_stake_sol": 1085078.855015417,
  "msol_directed_stake_msol": 713308.2013697386,
  "liquidity_sol": 18336.3138347,
  "liquidity_usd": 2488937.8821333232,
  "total_sol": 7997778.476846849,
  "total_usd": 1085603900.7286305,
  "self_staked_sol": 1214034.725192254,
  "self_staked_usd": 164790865.0013438,
  "standard_staked_sol": 4211359.549884831,
  "standard_staked_usd": 571642283.9118465,
  "total_virtual_staked_sol": 5393482.507528938,
  "total_virtual_staked_usd": 732101503.6407307,
  "marinade_native_stake_sol": 2554047.887935064,
  "marinade_native_stake_usd": 346681813.9333069
}