{
  "staked_sol": 5423898.833898131,
  "staked_usd": 729733219.2729725,
  "msol_directed_stake_sol": 1084779.7667796263,
  "msol_directed_stake_msol": 713308.2013697395,
  "liquidity_sol": 18327.410345369,
  "liquidity_usd": 2465776.1071570325,
  "total_sol": 7996257.624375503,
  "total_usd": 1075819257.893109,
  "self_staked_sol": 1214034.725192254,
  "self_staked_usd": 163336650.52653912,
  "standard_staked_sol": 4209864.108705877,
  "standard_staked_usd": 566396568.7464335,
  "total_virtual_staked_sol": 5391987.066349984,
  "total_virtual_staked_usd": 725439799.0638674,
  "marinade_native_stake_sol": 2554031.380132003,
  "marinade_native_stake_usd": 343620262.5129796
}