{
  "staked_sol": 5285228.899678214,
  "staked_usd": 815735713.4793162,
  "msol_directed_stake_sol": 1057045.7799356428,
  "msol_directed_stake_msol": 491390.266363477,
  "liquidity_sol": 14823.029227732,
  "liquidity_usd": 2287824.1515225405,
  "total_sol": 7982915.521230032,
  "total_usd": 1232103549.716108,
  "self_staked_sol": 1214034.725192254,
  "self_staked_usd": 187377217.05935276,
  "standard_staked_sol": 4071194.17448596,
  "standard_staked_usd": 628358496.4199634,
  "total_virtual_staked_sol": 5224163.654631348,
  "total_virtual_staked_usd": 806310747.7526422,
  "marinade_native_stake_sol": 2682863.592324086,
  "marinade_native_stake_usd": 414080012.08526933
}