{
  "staked_sol": 5060852.670547306,
  "staked_usd": 747491162.3932517,
  "msol_directed_stake_sol": 1012170.5341094611,
  "msol_directed_stake_msol": 526983.765021572,
  "liquidity_sol": 16297.980334958,
  "liquidity_usd": 2407222.074679093,
  "total_sol": 7591976.582000433,
  "total_usd": 1121339776.0358303,
  "self_staked_sol": 1214034.725192254,
  "self_staked_usd": 179313702.0567703,
  "standard_staked_sol": 3846817.945355052,
  "standard_staked_usd": 568177460.3364815,
  "total_virtual_staked_sol": 4990611.393906563,
  "total_virtual_staked_usd": 737116481.1009593,
  "marinade_native_stake_sol": 2514825.931118169,
  "marinade_native_stake_usd": 371441391.56789947
}