{
  "staked_sol": 5319427.163142672,
  "staked_usd": 1205507185.1098506,
  "msol_directed_stake_sol": 1063885.4326285345,
  "msol_directed_stake_msol": 460909.9729510524,
  "liquidity_sol": 14063.520197065,
  "liquidity_usd": 3187124.125501377,
  "total_sol": 7991379.474255678,
  "total_usd": 1811034361.3508778,
  "self_staked_sol": 1214034.725192254,
  "self_staked_usd": 275128794.7568184,
  "standard_staked_sol": 4105392.437950418,
  "standard_staked_usd": 930378390.3530321,
  "total_virtual_staked_sol": 5281248.303941556,
  "total_virtual_staked_usd": 1196854958.5308046,
  "marinade_native_stake_sol": 2657888.790915941,
  "marinade_native_stake_usd": 602340052.1155257
}