{
  "rewards_mev": [
    [
      754,
      17051.87332897
    ],
    [
      753,
      17087.564450455
    ],
    [
      752,
      23258.909453485
    ],
    [
      751,
      19427.956561276
    ],
    [
      750,
      23480.162751772
    ],
    [
      749,
      13601.626665768
    ],
    [
      748,
      18152.287386944
    ],
    [
      747,
      22136.876770432
    ],
    [
      746,
      19457.390446353
    ],
    [
      745,
      25336.073462022
    ]
  ],
  "rewards_inflation_est": [
    [
      755,
      152165.2160273287
    ],
    [
      754,
      152262.30705560767
    ],
    [
      753,
      152359.4326590871
    ],
    [
      752,
      152456.57484003468
    ],
    [
      751,
      152553.767107545
    ],
    [
      750,
      152650.98783194443
    ],
    [
      749,
      152748.21493415986
    ],
    [
      748,
      152845.46807285998
    ],
    [
      747,
      152942.75063217652
    ],
    [
      746,
      153040.07009663226
    ]
  ]
}