{
  "staked_sol": 4847885.998240701,
  "staked_usd": 603684217.8415773,
  "msol_directed_stake_sol": 969577.1996481402,
  "msol_directed_stake_msol": 132649.38273231222,
  "liquidity_sol": 10199.807991412,
  "liquidity_usd": 1270133.6441625005,
  "total_sol": 9298702.183848293,
  "total_usd": 1157923217.8387356,
  "self_staked_sol": 1214034.725192254,
  "self_staked_usd": 151177978.1488606,
  "standard_staked_sol": 3633851.273048447,
  "standard_staked_usd": 452506239.69271666,
  "total_virtual_staked_sol": 4815408.518212115,
  "total_virtual_staked_usd": 599639951.5086566,
  "marinade_native_stake_sol": 4440616.377616181,
  "marinade_native_stake_usd": 552968866.3529959
}