{
  "rewards_mev": [
    [
      822,
      16834.465626849
    ],
    [
      821,
      18310.538982359
    ],
    [
      820,
      12992.014554874
    ],
    [
      819,
      23494.54435796
    ],
    [
      818,
      22266.679622107
    ],
    [
      817,
      16319.299911922
    ],
    [
      816,
      13031.072560828
    ],
    [
      815,
      16778.955567092
    ],
    [
      814,
      17503.795082994
    ],
    [
      813,
      16860.234600306
    ]
  ],
  "rewards_inflation_est": [
    [
      823,
      145631.22237522757
    ],
    [
      822,
      145726.29128875144
    ],
    [
      821,
      145821.39505627292
    ],
    [
      820,
      145916.53977609516
    ],
    [
      819,
      146011.6896703736
    ],
    [
      818,
      146106.91217221486
    ],
    [
      817,
      146202.1325903671
    ],
    [
      816,
      146297.39107594144
    ],
    [
      815,
      146392.67085910263
    ],
    [
      814,
      146486.83932838993
    ]
  ],
  "rewards_jito_priority": [
    [
      822,
      35.371053324
    ],
    [
      821,
      39.207163247
    ],
    [
      820,
      24.266023893
    ],
    [
      819,
      49.746025971
    ],
    [
      818,
      43.162569483
    ],
    [
      817,
      35.389925044
    ],
    [
      816,
      29.034331133
    ],
    [
      815,
      40.696360926
    ]
  ]
}