{
  "staked_sol": 5627677.978623523,
  "staked_usd": 1119888010.3417227,
  "msol_directed_stake_sol": 1125535.5957247047,
  "msol_directed_stake_msol": 242609.74883258142,
  "liquidity_sol": 13951.970009628,
  "liquidity_usd": 2776392.67807774,
  "total_sol": 8717404.676354177,
  "total_usd": 1734732693.560005,
  "self_staked_sol": 1214034.725192254,
  "self_staked_usd": 241588615.77468127,
  "standard_staked_sol": 4413643.253431269,
  "standard_staked_usd": 878299394.5670414,
  "total_virtual_staked_sol": 5516941.993642505,
  "total_virtual_staked_usd": 1097851941.0490808,
  "marinade_native_stake_sol": 3075774.727721027,
  "marinade_native_stake_usd": 612068290.5402048
}