{
  "rewards_mev": [
    [
      795,
      10728.035540694
    ],
    [
      794,
      14395.690419938
    ],
    [
      793,
      16455.772606813
    ],
    [
      792,
      12872.675365577
    ],
    [
      791,
      21149.406015245
    ],
    [
      790,
      24857.396571133
    ],
    [
      789,
      23148.693282536
    ],
    [
      788,
      24717.465583258
    ],
    [
      787,
      42757.323374113
    ],
    [
      786,
      48005.058386919
    ]
  ],
  "rewards_inflation_est": [
    [
      796,
      148208.84954833225
    ],
    [
      795,
      148304.74306858325
    ],
    [
      794,
      148400.6605627241
    ],
    [
      793,
      148496.61040414794
    ],
    [
      792,
      148592.5890130253
    ],
    [
      791,
      148688.60014160897
    ],
    [
      790,
      148784.64342288187
    ],
    [
      789,
      148880.71735018448
    ],
    [
      788,
      148976.8340665781
    ],
    [
      787,
      149072.96999991956
    ]
  ]
}