{
  "rewards_mev": [
    [
      657,
      11603.658170956
    ],
    [
      656,
      16376.713842836
    ],
    [
      655,
      18683.260019085
    ],
    [
      654,
      15871.919746075
    ],
    [
      653,
      24557.395882408
    ],
    [
      652,
      25571.496927874
    ],
    [
      651,
      17885.632314507
    ],
    [
      650,
      23031.133686646
    ],
    [
      649,
      29160.551109744
    ],
    [
      648,
      30346.214145647
    ]
  ],
  "rewards_inflation_est": [
    [
      658,
      162139.34612048813
    ],
    [
      657,
      162240.42055544732
    ],
    [
      656,
      162341.42731504113
    ],
    [
      655,
      162442.95550302957
    ],
    [
      654,
      162544.70747227594
    ],
    [
      653,
      162646.3382212811
    ],
    [
      652,
      162748.93163892592
    ],
    [
      651,
      162851.5285008523
    ],
    [
      650,
      162953.1904081516
    ],
    [
      649,
      163055.6149036915
    ]
  ]
}