{
  "staked_sol": 4931586.789089744,
  "staked_usd": 725532987.5993956,
  "msol_directed_stake_sol": 986317.3578179488,
  "msol_directed_stake_msol": 553528.4147588265,
  "liquidity_sol": 17595.508465538,
  "liquidity_usd": 2588643.852638873,
  "total_sol": 7455545.699910716,
  "total_usd": 1096856767.8474274,
  "self_staked_sol": 1214034.725192254,
  "self_staked_usd": 178608281.4494534,
  "standard_staked_sol": 3717552.06389749,
  "standard_staked_usd": 546924706.1499423,
  "total_virtual_staked_sol": 5071537.067111611,
  "total_virtual_staked_usd": 746122414.0195506,
  "marinade_native_stake_sol": 2506363.402355434,
  "marinade_native_stake_usd": 368735136.39539284
}