{
  "staked_sol": 4975096.701993228,
  "staked_usd": 634497331.6788473,
  "msol_directed_stake_sol": 995019.3403986456,
  "msol_directed_stake_msol": 521860.89972848084,
  "liquidity_sol": 16402.287002949,
  "liquidity_usd": 2091860.3115055482,
  "total_sol": 7500438.896349852,
  "total_usd": 956566022.9775163,
  "self_staked_sol": 1214034.725192254,
  "self_staked_usd": 154831521.8458635,
  "standard_staked_sol": 3761061.976800974,
  "standard_staked_usd": 479665809.83298385,
  "total_virtual_staked_sol": 4942988.544534345,
  "total_virtual_staked_usd": 630402428.3125222,
  "marinade_native_stake_sol": 2508939.907353675,
  "marinade_native_stake_usd": 319976830.9871634
}