{
  "staked_sol": 5456003.769419318,
  "staked_usd": 1354067394.6175847,
  "msol_directed_stake_sol": 1091200.7538838636,
  "msol_directed_stake_msol": 277178.3653552844,
  "liquidity_sol": 13713.521253894,
  "liquidity_usd": 3403412.6038130326,
  "total_sol": 8548251.335057812,
  "total_usd": 2121499343.2876492,
  "self_staked_sol": 1214034.725192254,
  "self_staked_usd": 301298332.40406823,
  "standard_staked_sol": 4241969.044227064,
  "standard_staked_usd": 1052769062.2135165,
  "total_virtual_staked_sol": 5382221.983935766,
  "total_virtual_staked_usd": 1335756280.0615587,
  "marinade_native_stake_sol": 3078534.044384599,
  "marinade_native_stake_usd": 764028536.0662513
}