{
  "staked_sol": 5142780.140714557,
  "staked_usd": 767328931.5747309,
  "msol_directed_stake_sol": 1028556.0281429114,
  "msol_directed_stake_msol": 120174.88138672213,
  "liquidity_sol": 9751.752364266,
  "liquidity_usd": 1455011.0092036517,
  "total_sol": 9597833.3035358,
  "total_usd": 1432045503.1568232,
  "self_staked_sol": 1214034.725192254,
  "self_staked_usd": 181140150.48035076,
  "standard_staked_sol": 3928745.415522303,
  "standard_staked_usd": 586188781.0943801,
  "total_virtual_staked_sol": 5080596.001843004,
  "total_virtual_staked_usd": 758050742.0477382,
  "marinade_native_stake_sol": 4445301.410456976,
  "marinade_native_stake_usd": 663261560.5728884
}