{
  "staked_sol": 5545035.815334685,
  "staked_usd": 1197498674.3424842,
  "msol_directed_stake_sol": 1109007.1630669371,
  "msol_directed_stake_msol": 237306.03318780038,
  "liquidity_sol": 13935.569577013,
  "liquidity_usd": 3009507.359453058,
  "total_sol": 8763404.196773631,
  "total_usd": 1892533296.0595825,
  "self_staked_sol": 1214034.725192254,
  "self_staked_usd": 262181349.66829208,
  "standard_staked_sol": 4331001.090142431,
  "standard_staked_usd": 935317324.674192,
  "total_virtual_staked_sol": 5477811.374900437,
  "total_virtual_staked_usd": 1182980972.205953,
  "marinade_native_stake_sol": 3204432.811861934,
  "marinade_native_stake_usd": 692025114.3576454
}