{
  "staked_sol": 5306284.350914178,
  "staked_usd": 771098559.687696,
  "msol_directed_stake_sol": 1061256.8701828357,
  "msol_directed_stake_msol": 498771.208921491,
  "liquidity_sol": 14812.690030656,
  "liquidity_usd": 2152550.2955323756,
  "total_sol": 7977169.532067082,
  "total_usd": 1159226217.40046,
  "self_staked_sol": 1214034.725192254,
  "self_staked_usd": 176421082.26735237,
  "standard_staked_sol": 4092249.625721924,
  "standard_staked_usd": 594677477.4203435,
  "total_virtual_staked_sol": 5273742.4785254,
  "total_virtual_staked_usd": 766369640.3028529,
  "marinade_native_stake_sol": 2656072.491122248,
  "marinade_native_stake_usd": 385975107.4172318
}