{
  "staked_sol": 5432444.187415624,
  "staked_usd": 1128232838.3089032,
  "msol_directed_stake_sol": 1086488.8374831248,
  "msol_directed_stake_msol": 461153.5470799186,
  "liquidity_sol": 14416.731937053,
  "liquidity_usd": 2994127.4739939612,
  "total_sol": 8139689.799513752,
  "total_usd": 1690484984.0396202,
  "self_staked_sol": 1214034.725192254,
  "self_staked_usd": 252135833.6238775,
  "standard_staked_sol": 4218409.46222337,
  "standard_staked_usd": 876097004.6850257,
  "total_virtual_staked_sol": 5351450.755410833,
  "total_virtual_staked_usd": 1111411781.9809198,
  "marinade_native_stake_sol": 2692828.880161075,
  "marinade_native_stake_usd": 559258018.2567229
}