{
  "staked_sol": 2842077.180660773,
  "staked_usd": 244647731.35315594,
  "msol_directed_stake_sol": 568415.4361321547,
  "msol_directed_stake_msol": 28487.900713849467,
  "liquidity_sol": 7718.185643255,
  "liquidity_usd": 664386.1119020793,
  "total_sol": 7113904.951747756,
  "total_usd": 612369262.646989,
  "self_staked_sol": 1214034.725192254,
  "self_staked_usd": 104504847.13197798,
  "standard_staked_sol": 1628042.455468519,
  "standard_staked_usd": 140142884.22117794,
  "total_virtual_staked_sol": 2811252.240721292,
  "total_virtual_staked_usd": 241994301.7853009,
  "marinade_native_stake_sol": 2827394.093241544,
  "marinade_native_stake_usd": 243383802.2625535,
  "marinade_select_stake_sol": 1171213.329818695,
  "marinade_select_stake_usd": 100818755.38795221,
  "recipe_usdg_sol": 265502.162383489,
  "recipe_usdg_usd": 22854587.531425204
}