{
  "staked_sol": 5425614.872107417,
  "staked_usd": 749823696.1576682,
  "msol_directed_stake_sol": 1085122.9744214835,
  "msol_directed_stake_msol": 713308.2013697394,
  "liquidity_sol": 18316.81666332,
  "liquidity_usd": 2531396.6243605237,
  "total_sol": 7997971.605551582,
  "total_usd": 1105325160.816176,
  "self_staked_sol": 1214034.725192254,
  "self_staked_usd": 167780431.59444368,
  "standard_staked_sol": 4211580.146915163,
  "standard_staked_usd": 582043264.5632244,
  "total_virtual_staked_sol": 5393703.10455927,
  "total_virtual_staked_usd": 745413467.9977431,
  "marinade_native_stake_sol": 2554039.916780845,
  "marinade_native_stake_usd": 352970068.03414726
}