{
  "rewards_mev": [
    [
      853,
      4026.4808838919994
    ],
    [
      852,
      3395.365842932
    ],
    [
      851,
      4915.310800544
    ],
    [
      850,
      6555.370631683
    ],
    [
      849,
      13906.753832159
    ],
    [
      848,
      6648.776349341
    ],
    [
      847,
      9335.708205854
    ],
    [
      846,
      5864.011981921
    ],
    [
      845,
      4345.928353512
    ],
    [
      844,
      5798.677466617
    ]
  ],
  "rewards_inflation_est": [
    [
      854,
      142700.67620813093
    ],
    [
      853,
      142794.70603453706
    ],
    [
      852,
      142886.38707486718
    ],
    [
      851,
      142982.85498534914
    ],
    [
      850,
      143076.97605950292
    ],
    [
      849,
      143171.1429491514
    ],
    [
      848,
      143265.3389922341
    ],
    [
      847,
      143359.56439336974
    ],
    [
      846,
      143453.81797274057
    ],
    [
      845,
      143548.11261821756
    ]
  ],
  "rewards_jito_priority": [
    [
      853,
      11.684244427
    ],
    [
      852,
      10.17266485
    ],
    [
      851,
      15.288851345
    ],
    [
      850,
      19.880280769
    ],
    [
      849,
      28.042774828
    ],
    [
      848,
      19.089308206
    ],
    [
      847,
      24.916552979
    ],
    [
      846,
      18.269659223
    ],
    [
      845,
      14.379921585
    ],
    [
      844,
      20.643272215
    ]
  ]
}