{
  "staked_sol": 5384633.416680711,
  "staked_usd": 1270637140.6338995,
  "msol_directed_stake_sol": 1076926.6833361422,
  "msol_directed_stake_msol": 432026.047406119,
  "liquidity_sol": 14042.228822021,
  "liquidity_usd": 3313610.435069974,
  "total_sol": 8368112.143090088,
  "total_usd": 1974662574.6259763,
  "self_staked_sol": 1214034.725192254,
  "self_staked_usd": 286481454.2564463,
  "standard_staked_sol": 4170598.691488457,
  "standard_staked_usd": 984155686.377453,
  "total_virtual_staked_sol": 5328032.656384344,
  "total_virtual_staked_usd": 1257280794.4065244,
  "marinade_native_stake_sol": 2969436.497587356,
  "marinade_native_stake_usd": 700711823.5570071
}