{
  "staked_sol": 4844492.197050708,
  "staked_usd": 590736830.1602917,
  "msol_directed_stake_sol": 968898.4394101417,
  "msol_directed_stake_msol": 130286.67975946167,
  "liquidity_sol": 10199.529667288,
  "liquidity_usd": 1243729.4931443357,
  "total_sol": 9284458.540057236,
  "total_usd": 1132145823.4667172,
  "self_staked_sol": 1214034.725192254,
  "self_staked_usd": 148039256.9733529,
  "standard_staked_sol": 3630457.471858454,
  "standard_staked_usd": 442697573.18693864,
  "total_virtual_staked_sol": 4809909.487214976,
  "total_virtual_staked_usd": 586519818.4373393,
  "marinade_native_stake_sol": 4429766.813339239,
  "marinade_native_stake_usd": 540165263.8132812
}