{
  "staked_sol": 5287967.45680864,
  "staked_usd": 803249017.3556259,
  "msol_directed_stake_sol": 1057593.491361728,
  "msol_directed_stake_msol": 639235.6741942497,
  "liquidity_sol": 17589.60941684,
  "liquidity_usd": 2671884.1587336357,
  "total_sol": 7782949.785784362,
  "total_usd": 1182240022.9619455,
  "self_staked_sol": 1214034.725192254,
  "self_staked_usd": 184413426.90009952,
  "standard_staked_sol": 4073932.731616386,
  "standard_staked_usd": 618835590.4555264,
  "total_virtual_staked_sol": 5223399.918097437,
  "total_virtual_staked_usd": 793441125.6757959,
  "marinade_native_stake_sol": 2477392.719558882,
  "marinade_native_stake_usd": 376319121.4475861
}