{
  "rewards_mev": [
    [
      735,
      57065.254824485
    ],
    [
      734,
      92746.565883758
    ],
    [
      733,
      77789.973855167
    ],
    [
      732,
      85856.72380624
    ],
    [
      731,
      129553.184016673
    ],
    [
      730,
      103082.100573695
    ],
    [
      729,
      181353.994082048
    ],
    [
      728,
      79447.052255319
    ],
    [
      727,
      58037.990581684
    ],
    [
      726,
      54574.447611877
    ]
  ],
  "rewards_inflation_est": [
    [
      736,
      154036.41546669367
    ],
    [
      735,
      154138.60510174133
    ],
    [
      734,
      154242.34244614837
    ],
    [
      733,
      154349.69706429934
    ],
    [
      732,
      154455.53837851976
    ],
    [
      731,
      154562.43175538865
    ],
    [
      730,
      154673.06967573077
    ],
    [
      729,
      154781.98984520807
    ],
    [
      728,
      154908.861833494
    ],
    [
      727,
      155015.91758932904
    ]
  ]
}