{
  "staked_sol": 5355431.535655395,
  "staked_usd": 1119299378.9360821,
  "msol_directed_stake_sol": 1071086.307131079,
  "msol_directed_stake_msol": 250254.1103932324,
  "liquidity_sol": 10228.374258297,
  "liquidity_usd": 2137757.3177091447,
  "total_sol": 10050669.476752779,
  "total_usd": 2100616547.5784554,
  "self_staked_sol": 1214034.725192254,
  "self_staked_usd": 253736473.8709575,
  "standard_staked_sol": 4141396.810463141,
  "standard_staked_usd": 865562905.0651246,
  "total_virtual_staked_sol": 5229583.970265099,
  "total_virtual_staked_usd": 1092996904.3653307,
  "marinade_native_stake_sol": 4685009.566839086,
  "marinade_native_stake_usd": 979179411.3246641
}