{
  "staked_sol": 4985769.375941594,
  "staked_usd": 737221365.6769783,
  "msol_directed_stake_sol": 997153.8751883189,
  "msol_directed_stake_msol": 119819.40071984894,
  "liquidity_sol": 9750.673164069,
  "liquidity_usd": 1441784.4156554544,
  "total_sol": 9601541.646084229,
  "total_usd": 1419733066.4926283,
  "self_staked_sol": 1214034.725192254,
  "self_staked_usd": 179513385.1165107,
  "standard_staked_sol": 3771734.65074934,
  "standard_staked_usd": 557707980.5604676,
  "total_virtual_staked_sol": 4925014.398729147,
  "total_virtual_staked_usd": 728237823.9415015,
  "marinade_native_stake_sol": 4606021.596978565,
  "marinade_native_stake_usd": 681069916.3999945
}