{
  "staked_sol": 2846383.710462157,
  "staked_usd": 254566751.05710903,
  "msol_directed_stake_sol": 569276.7420924314,
  "msol_directed_stake_msol": 31453.268593973542,
  "liquidity_sol": 7835.667381654,
  "liquidity_usd": 700784.0792441686,
  "total_sol": 7106245.498497078,
  "total_usd": 635548124.4912282,
  "self_staked_sol": 1214034.725192254,
  "self_staked_usd": 108577376.45376085,
  "standard_staked_sol": 1632348.985269903,
  "standard_staked_usd": 145989374.60334814,
  "total_virtual_staked_sol": 2815557.097871162,
  "total_virtual_staked_usd": 251809768.36902595,
  "marinade_native_stake_sol": 2816363.391799163,
  "marinade_native_stake_usd": 251881879.3865581,
  "marinade_select_stake_sol": 1171116.097401843,
  "marinade_select_stake_usd": 104738942.58545421,
  "recipe_usdg_sol": 264546.631452261,
  "recipe_usdg_usd": 23659767.382862784
}