{
  "rewards_mev": [
    [
      719,
      38270.308793711
    ],
    [
      718,
      34359.330137875
    ],
    [
      717,
      37276.543402464
    ],
    [
      716,
      28750.672019612
    ],
    [
      715,
      35695.470311571
    ],
    [
      714,
      49435.123398157
    ],
    [
      713,
      45821.029759147
    ],
    [
      712,
      34995.983165031
    ],
    [
      711,
      44346.055789981
    ],
    [
      710,
      49826.942482446
    ]
  ],
  "rewards_inflation_est": [
    [
      720,
      155742.37177601896
    ],
    [
      719,
      155844.8978964473
    ],
    [
      718,
      155947.13552073407
    ],
    [
      717,
      156049.19238724653
    ],
    [
      716,
      156151.4771124069
    ],
    [
      715,
      156253.23721437465
    ],
    [
      714,
      156355.64251874748
    ],
    [
      713,
      156459.3453698393
    ],
    [
      712,
      156563.65514984788
    ],
    [
      711,
      156665.94995180963
    ]
  ]
}