{
  "staked_sol": 5559998.007582021,
  "staked_usd": 1143534680.39945,
  "msol_directed_stake_sol": 1111999.6015164042,
  "msol_directed_stake_msol": 237705.57225580135,
  "liquidity_sol": 13947.555915522,
  "liquidity_usd": 2868618.635197348,
  "total_sol": 8766170.234891994,
  "total_usd": 1802953825.561512,
  "self_staked_sol": 1214034.725192254,
  "self_staked_usd": 249692681.4674004,
  "standard_staked_sol": 4345963.282389767,
  "standard_staked_usd": 893841998.9320496,
  "total_virtual_staked_sol": 5520653.606939633,
  "total_virtual_staked_usd": 1135442647.533117,
  "marinade_native_stake_sol": 3192224.67139445,
  "marinade_native_stake_usd": 656550526.5268643
}