{
  "staked_sol": 5425455.23811469,
  "staked_usd": 734832329.4979063,
  "msol_directed_stake_sol": 1085091.0476229382,
  "msol_directed_stake_msol": 713308.2013697391,
  "liquidity_sol": 18321.048064245,
  "liquidity_usd": 2481432.0341845686,
  "total_sol": 7997824.623926217,
  "total_usd": 1083238150.7874458,
  "self_staked_sol": 1214034.725192254,
  "self_staked_usd": 164430803.69314364,
  "standard_staked_sol": 4211420.512922436,
  "standard_staked_usd": 570401525.8047626,
  "total_virtual_staked_sol": 5393543.470566543,
  "total_virtual_staked_usd": 730510148.6934159,
  "marinade_native_stake_sol": 2554048.337747282,
  "marinade_native_stake_usd": 345924389.25535494
}