{
  "staked_sol": 5425348.371262916,
  "staked_usd": 734518029.2623243,
  "msol_directed_stake_sol": 1085069.6742525834,
  "msol_directed_stake_msol": 713308.2013697389,
  "liquidity_sol": 18336.262665238,
  "liquidity_usd": 2482479.390309048,
  "total_sol": 7997724.380413562,
  "total_usd": 1082782588.0455213,
  "self_staked_sol": 1214034.725192254,
  "self_staked_usd": 164363711.37521335,
  "standard_staked_sol": 4211313.646070662,
  "standard_staked_usd": 570154317.887111,
  "total_virtual_staked_sol": 5393436.603714769,
  "total_virtual_staked_usd": 730197612.0272028,
  "marinade_native_stake_sol": 2554039.746485408,
  "marinade_native_stake_usd": 345782079.39288783
}