{
  "staked_sol": 2437903.580207886,
  "staked_usd": 190255771.8753833,
  "msol_directed_stake_sol": 487580.7160415773,
  "msol_directed_stake_msol": 26859.66387617046,
  "liquidity_sol": 6724.605843466,
  "liquidity_usd": 524793.1401771187,
  "total_sol": 6814619.120730131,
  "total_usd": 531817841.92658645,
  "self_staked_sol": 1214034.725192254,
  "self_staked_usd": 94744154.6089674,
  "standard_staked_sol": 1223868.855015632,
  "standard_staked_usd": 95511617.26641588,
  "total_virtual_staked_sol": 2407763.673866863,
  "total_virtual_staked_usd": 187903631.62188148,
  "marinade_native_stake_sol": 2853159.745384231,
  "marinade_native_stake_usd": 222662665.59876025,
  "marinade_select_stake_sol": 1215745.877919827,
  "marinade_select_stake_usd": 94877694.21472706,
  "recipe_usdg_sol": 301085.311374721,
  "recipe_usdg_usd": 23496917.09753877
}