{
  "staked_sol": 5413430.46421284,
  "staked_usd": 776735897.1307825,
  "msol_directed_stake_sol": 1082686.0928425682,
  "msol_directed_stake_msol": 718669.9927314263,
  "liquidity_sol": 18346.230379442,
  "liquidity_usd": 2632374.389391182,
  "total_sol": 7986276.457428529,
  "total_usd": 1145895869.5236883,
  "self_staked_sol": 1214034.725192254,
  "self_staked_usd": 174193491.1058743,
  "standard_staked_sol": 4199395.739020586,
  "standard_staked_usd": 602542406.0249082,
  "total_virtual_staked_sol": 5379695.854463479,
  "total_virtual_staked_usd": 771895550.0456486,
  "marinade_native_stake_sol": 2554499.762836247,
  "marinade_native_stake_usd": 366527598.00351465
}