{
  "rewards_mev": [
    [
      740,
      73181.046308335
    ],
    [
      739,
      48660.38932001
    ],
    [
      738,
      41430.168794944
    ],
    [
      737,
      49698.693424808
    ],
    [
      736,
      46556.984304007
    ],
    [
      735,
      57065.254824485
    ],
    [
      734,
      92746.565883758
    ],
    [
      733,
      77789.973855167
    ],
    [
      732,
      85856.72380624
    ],
    [
      731,
      129553.184016673
    ]
  ],
  "rewards_inflation_est": [
    [
      742,
      153429.59430715855
    ],
    [
      741,
      153527.05997477737
    ],
    [
      740,
      153624.58280990378
    ],
    [
      739,
      153728.18114009858
    ],
    [
      738,
      153831.68085281
    ],
    [
      737,
      153933.5242586219
    ],
    [
      736,
      154036.41546669367
    ],
    [
      735,
      154138.60510174133
    ],
    [
      734,
      154242.34244614837
    ],
    [
      733,
      154349.69706429934
    ]
  ]
}