{
  "staked_sol": 5113937.294968368,
  "staked_usd": 988622963.6919627,
  "msol_directed_stake_sol": 1022787.4589936736,
  "msol_directed_stake_msol": 221618.0848134612,
  "liquidity_sol": 10228.884603251,
  "liquidity_usd": 1977441.1824874831,
  "total_sol": 9676799.736724555,
  "total_usd": 1870712502.5148377,
  "self_staked_sol": 1214034.725192254,
  "self_staked_usd": 234696387.30717906,
  "standard_staked_sol": 3899902.569776114,
  "standard_staked_usd": 753926576.3847837,
  "total_virtual_staked_sol": 5081664.904822294,
  "total_virtual_staked_usd": 982384086.6484318,
  "marinade_native_stake_sol": 4552633.557152937,
  "marinade_native_stake_usd": 880112097.6403875
}