{
  "staked_sol": 5014314.83275242,
  "staked_usd": 726468546.4918909,
  "msol_directed_stake_sol": 1002862.966550484,
  "msol_directed_stake_msol": 522759.1151824901,
  "liquidity_sol": 16300.342787582,
  "liquidity_usd": 2361576.1529106507,
  "total_sol": 7539060.536621571,
  "total_usd": 1092250991.9361236,
  "self_staked_sol": 1214034.725192254,
  "self_staked_usd": 175888046.84547126,
  "standard_staked_sol": 3800280.107560166,
  "standard_staked_usd": 550580499.6464198,
  "total_virtual_staked_sol": 4982563.796680817,
  "total_virtual_staked_usd": 721868490.4934351,
  "marinade_native_stake_sol": 2508445.361081569,
  "marinade_native_stake_usd": 363420869.29132193
}