{
  "staked_sol": 5425455.23811469,
  "staked_usd": 735123017.685418,
  "msol_directed_stake_sol": 1085091.0476229382,
  "msol_directed_stake_msol": 713308.2013697391,
  "liquidity_sol": 18321.548064245,
  "liquidity_usd": 2482481.397512452,
  "total_sol": 7997825.65527355,
  "total_usd": 1083666802.6164742,
  "self_staked_sol": 1214034.725192254,
  "self_staked_usd": 164495849.94979012,
  "standard_staked_sol": 4211420.512922436,
  "standard_staked_usd": 570627167.7356278,
  "total_virtual_staked_sol": 5393543.470566543,
  "total_virtual_staked_usd": 730799127.0937371,
  "marinade_native_stake_sol": 2554048.869094615,
  "marinade_native_stake_usd": 346061303.5335437
}