{
  "staked_sol": 5562648.129568189,
  "staked_usd": 1080331557.9551778,
  "msol_directed_stake_sol": 1112529.625913638,
  "msol_directed_stake_msol": 234321.10586446233,
  "liquidity_sol": 13942.747755031,
  "liquidity_usd": 2707845.2660528026,
  "total_sol": 8819232.486253973,
  "total_usd": 1712798463.9544828,
  "self_staked_sol": 1214034.725192254,
  "self_staked_usd": 235779793.27994022,
  "standard_staked_sol": 4348613.404375935,
  "standard_staked_usd": 844551764.6752375,
  "total_virtual_staked_sol": 5521911.849917709,
  "total_virtual_staked_usd": 1072420094.3078237,
  "marinade_native_stake_sol": 3242641.608930753,
  "marinade_native_stake_usd": 629759060.7332522
}