{
  "rewards_mev": [
    [
      963,
      4118.207311969
    ],
    [
      962,
      1994.252169061
    ],
    [
      961,
      2155.172815697
    ],
    [
      960,
      2099.136993717
    ],
    [
      959,
      2119.27869082
    ],
    [
      958,
      2029.111548123
    ],
    [
      956,
      2568.312810833
    ],
    [
      955,
      1938.1047760750002
    ],
    [
      954,
      2386.986386284
    ],
    [
      953,
      2607.358939935
    ]
  ],
  "rewards_inflation_est": [
    [
      964,
      132565.8123016373
    ],
    [
      963,
      132656.0170973627
    ],
    [
      962,
      132746.28027710496
    ],
    [
      961,
      132836.54978872623
    ],
    [
      960,
      132926.695558806
    ],
    [
      959,
      133017.20524850124
    ],
    [
      958,
      133107.3061311212
    ],
    [
      957,
      133107.3061311212
    ],
    [
      956,
      133107.3061311212
    ],
    [
      955,
      133378.9791651942
    ]
  ],
  "rewards_jito_priority": [
    [
      963,
      8.928936301
    ],
    [
      962,
      4.216406424
    ],
    [
      961,
      5.187480353
    ],
    [
      960,
      5.635213002
    ],
    [
      959,
      6.032573374
    ],
    [
      958,
      4.736567543
    ],
    [
      957,
      7.543828539
    ],
    [
      956,
      8.64012283
    ],
    [
      955,
      5.860636012
    ],
    [
      954,
      6.675017393
    ]
  ],
  "rewards_block": [
    [
      964,
      11610.213813132
    ],
    [
      963,
      13396.533529299
    ],
    [
      962,
      7987.664330647999
    ],
    [
      961,
      8571.537202678
    ],
    [
      960,
      9441.866699737
    ],
    [
      959,
      10057.331377348
    ],
    [
      958,
      8933.042030226
    ],
    [
      957,
      12006.255236922
    ],
    [
      956,
      10514.064561754
    ],
    [
      955,
      8714.270455521
    ]
  ]
}