{
  "staked_sol": 2856534.072191,
  "staked_usd": 269093567.0831803,
  "msol_directed_stake_sol": 571306.8144382,
  "msol_directed_stake_msol": 28598.489529974475,
  "liquidity_sol": 7835.221273339,
  "liquidity_usd": 738099.9449138839,
  "total_sol": 7113572.65293766,
  "total_usd": 670118609.3033812,
  "self_staked_sol": 1214034.725192254,
  "self_staked_usd": 114365495.56514037,
  "standard_staked_sol": 1642499.346998746,
  "standard_staked_usd": 154728071.51803994,
  "total_virtual_staked_sol": 2825704.399912206,
  "total_virtual_staked_usd": 266189324.99264473,
  "marinade_native_stake_sol": 2809810.524629106,
  "marinade_native_stake_usd": 264692077.10880482,
  "marinade_select_stake_sol": 1170720.514405612,
  "marinade_select_stake_usd": 110285174.73177804,
  "recipe_usdg_sol": 268672.320438603,
  "recipe_usdg_usd": 25309690.43470411
}