{
  "rewards_mev": [
    [
      845,
      4345.928353512
    ],
    [
      844,
      5798.677466617
    ],
    [
      843,
      7718.749771271001
    ],
    [
      842,
      5912.393097576
    ],
    [
      841,
      5850.908131767
    ],
    [
      840,
      10478.79394205
    ],
    [
      839,
      10195.060251474
    ],
    [
      838,
      7458.965388405999
    ],
    [
      837,
      8749.341297082
    ],
    [
      836,
      11507.598069288
    ]
  ],
  "rewards_inflation_est": [
    [
      846,
      143453.81797274057
    ],
    [
      845,
      143548.11261821756
    ],
    [
      844,
      143642.4207544389
    ],
    [
      843,
      143736.7692643056
    ],
    [
      842,
      143831.15258338035
    ],
    [
      841,
      143925.57851896252
    ],
    [
      840,
      144020.027758107
    ],
    [
      839,
      144114.53760108777
    ],
    [
      838,
      144209.07222152493
    ],
    [
      837,
      144303.63547025606
    ]
  ],
  "rewards_jito_priority": [
    [
      845,
      14.379921585
    ],
    [
      844,
      20.643272215
    ],
    [
      843,
      23.950211122
    ],
    [
      842,
      20.352821488
    ],
    [
      841,
      17.906129957
    ],
    [
      840,
      26.414810782
    ],
    [
      839,
      22.196510679
    ],
    [
      838,
      17.328356758
    ],
    [
      837,
      19.315782643
    ],
    [
      836,
      23.712168139
    ]
  ]
}