{
  "staked_sol": 2841938.232135593,
  "staked_usd": 223206718.25017676,
  "msol_directed_stake_sol": 568387.6464271186,
  "msol_directed_stake_msol": 28177.54287546246,
  "liquidity_sol": 7678.149305625,
  "liquidity_usd": 603044.2496477388,
  "total_sol": 6878852.956592204,
  "total_usd": 540267264.2229387,
  "self_staked_sol": 1214034.725192254,
  "self_staked_usd": 95350667.29732826,
  "standard_staked_sol": 1627903.506943339,
  "standard_staked_usd": 127856050.9528485,
  "total_virtual_staked_sol": 2811028.00380103,
  "total_virtual_staked_usd": 220779019.24218783,
  "marinade_native_stake_sol": 2853027.845700748,
  "marinade_native_stake_usd": 224077699.97052217,
  "marinade_select_stake_sol": 917430.07050605,
  "marinade_select_stake_usd": 72055244.88398294,
  "recipe_usdg_sol": 258778.658944188,
  "recipe_usdg_usd": 20324556.86860899
}