{
  "staked_sol": 5520227.659321879,
  "staked_usd": 1013354980.3080974,
  "msol_directed_stake_sol": 1104045.5318643758,
  "msol_directed_stake_msol": 249273.3343374399,
  "liquidity_sol": 13942.497870697,
  "liquidity_usd": 2559441.48088658,
  "total_sol": 8718538.721335225,
  "total_usd": 1600472875.3087976,
  "self_staked_sol": 1214034.725192254,
  "self_staked_usd": 222861847.54772782,
  "standard_staked_sol": 4306192.934129625,
  "standard_staked_usd": 790493132.7603695,
  "total_virtual_staked_sol": 5445084.522635787,
  "total_virtual_staked_usd": 999560862.2940991,
  "marinade_native_stake_sol": 3184368.564142648,
  "marinade_native_stake_usd": 584558453.5198135
}