{
  "rewards_mev": [
    [
      972,
      2609.46058637
    ],
    [
      971,
      2871.641923555
    ],
    [
      970,
      3836.793333764
    ],
    [
      969,
      2914.691094327
    ],
    [
      968,
      3392.516614995
    ],
    [
      967,
      3090.874862344
    ],
    [
      966,
      2506.29620058
    ],
    [
      965,
      2968.247833329
    ],
    [
      964,
      2950.699593048
    ],
    [
      963,
      4118.207311969
    ]
  ],
  "rewards_inflation_est": [
    [
      973,
      131755.56936039752
    ],
    [
      972,
      131845.44508691775
    ],
    [
      971,
      131935.3512300451
    ],
    [
      970,
      132025.30579080316
    ],
    [
      969,
      132115.34736515355
    ],
    [
      968,
      132205.36686758485
    ],
    [
      967,
      132295.43625485306
    ],
    [
      966,
      132385.53752332155
    ],
    [
      965,
      132475.66137160241
    ],
    [
      964,
      132565.8123016373
    ]
  ],
  "rewards_jito_priority": [
    [
      972,
      6.673914456
    ],
    [
      971,
      6.164705005
    ],
    [
      970,
      8.502670922
    ],
    [
      969,
      7.999374729
    ],
    [
      968,
      6.501037498
    ],
    [
      967,
      14.528245718
    ],
    [
      966,
      5.396611099
    ],
    [
      965,
      6.795714712
    ],
    [
      964,
      7.664846559
    ],
    [
      963,
      8.928936301
    ]
  ],
  "rewards_block": [
    [
      972,
      8549.807814752
    ],
    [
      971,
      9626.666595715
    ],
    [
      970,
      11714.464886325
    ],
    [
      969,
      8525.000236868
    ],
    [
      968,
      10899.465757331
    ],
    [
      967,
      10282.41564407
    ],
    [
      966,
      8991.020382846
    ],
    [
      965,
      9435.047780165
    ],
    [
      964,
      11610.213813132
    ],
    [
      963,
      13396.533529299
    ]
  ]
}