{
  "staked_sol": 5332965.971119149,
  "staked_usd": 894494837.9399711,
  "msol_directed_stake_sol": 1066593.1942238298,
  "msol_directed_stake_msol": 485620.4642168973,
  "liquidity_sol": 14803.202142654,
  "liquidity_usd": 2482931.2568831476,
  "total_sol": 8105028.619896095,
  "total_usd": 1359451063.6510508,
  "self_staked_sol": 1214034.725192254,
  "self_staked_usd": 203629237.58473772,
  "standard_staked_sol": 4118931.245926895,
  "standard_staked_usd": 690865600.3552336,
  "total_virtual_staked_sol": 5210170.49923464,
  "total_virtual_staked_usd": 873898435.053109,
  "marinade_native_stake_sol": 2757259.446634292,
  "marinade_native_stake_usd": 462473294.4541964
}