{
  "rewards_mev": [
    [
      912,
      3709.4767096979995
    ],
    [
      911,
      5329.920564643
    ],
    [
      910,
      4211.413797095
    ],
    [
      909,
      3395.84660202
    ],
    [
      908,
      2991.523379286
    ],
    [
      907,
      3753.859197584
    ],
    [
      906,
      4789.319095064
    ],
    [
      905,
      3476.895300632
    ],
    [
      904,
      2692.071499826
    ],
    [
      903,
      2874.263290259
    ]
  ],
  "rewards_inflation_est": [
    [
      913,
      137213.3822843559
    ],
    [
      912,
      137305.42467088628
    ],
    [
      911,
      137397.48874129853
    ],
    [
      910,
      137489.59575519813
    ],
    [
      909,
      137581.73094486198
    ],
    [
      908,
      137673.8824069175
    ],
    [
      907,
      137766.06306158128
    ],
    [
      906,
      137858.28510053435
    ],
    [
      905,
      137950.55000744766
    ],
    [
      904,
      138042.83335926195
    ]
  ],
  "rewards_jito_priority": [
    [
      912,
      19.355864225
    ],
    [
      911,
      29.87890676
    ],
    [
      910,
      30.816644065
    ],
    [
      909,
      19.215510895
    ],
    [
      908,
      18.658608877
    ],
    [
      907,
      17.832491914
    ],
    [
      906,
      22.678277178
    ],
    [
      905,
      18.32597679
    ],
    [
      904,
      16.439627495
    ],
    [
      903,
      20.449680226
    ]
  ],
  "rewards_block": [
    [
      912,
      10913.103521776
    ],
    [
      911,
      14927.987682737
    ],
    [
      910,
      12555.48891289
    ],
    [
      909,
      11252.112676734
    ],
    [
      908,
      10058.713647211
    ],
    [
      907,
      10811.826818879
    ],
    [
      906,
      11867.077913301
    ],
    [
      905,
      9138.967385763
    ],
    [
      904,
      8382.789735608
    ],
    [
      903,
      7610.736684328
    ]
  ]
}