{
  "rewards_mev": [
    [
      946,
      2287.078426546
    ],
    [
      945,
      2644.696200483
    ],
    [
      944,
      1672.503290181
    ],
    [
      943,
      2058.686016554
    ],
    [
      942,
      2396.695495587
    ],
    [
      941,
      2883.97690178
    ],
    [
      940,
      2919.301137245
    ],
    [
      939,
      3220.516311465
    ],
    [
      938,
      4778.58679315
    ],
    [
      937,
      2397.231376912
    ]
  ],
  "rewards_inflation_est": [
    [
      947,
      134104.28120068007
    ],
    [
      946,
      134195.10747449344
    ],
    [
      945,
      134285.9822880795
    ],
    [
      944,
      134376.89989337855
    ],
    [
      943,
      134467.8301462065
    ],
    [
      942,
      134558.81338993553
    ],
    [
      941,
      134649.8324770799
    ],
    [
      940,
      134740.90131847843
    ],
    [
      939,
      134832.01095714376
    ],
    [
      938,
      134923.15753207268
    ]
  ],
  "rewards_jito_priority": [
    [
      946,
      6.738252863
    ],
    [
      945,
      10.28394064
    ],
    [
      944,
      8.250908459
    ],
    [
      943,
      9.379877586
    ],
    [
      942,
      9.837356366
    ],
    [
      941,
      7.655609479
    ],
    [
      940,
      6.10632359
    ],
    [
      939,
      15.606528152
    ],
    [
      938,
      13.382321018
    ],
    [
      937,
      14.950966518
    ]
  ],
  "rewards_block": [
    [
      946,
      11606.442135543
    ],
    [
      945,
      11933.088712607
    ],
    [
      944,
      8792.639692525
    ],
    [
      943,
      10177.491907346
    ],
    [
      942,
      10952.804944794
    ],
    [
      941,
      12754.236504554
    ],
    [
      940,
      12559.22451925
    ],
    [
      939,
      14381.801428579
    ],
    [
      938,
      13312.2144689
    ],
    [
      937,
      12149.623086106
    ]
  ]
}