{
  "staked_sol": 2843616.636234543,
  "staked_usd": 235944200.36621267,
  "msol_directed_stake_sol": 568723.3272469086,
  "msol_directed_stake_msol": 28484.200168072482,
  "liquidity_sol": 7719.775667764,
  "liquidity_usd": 640535.1107204908,
  "total_sol": 6879275.645158727,
  "total_usd": 570796066.7106822,
  "self_staked_sol": 1214034.725192254,
  "self_staked_usd": 100732443.6080121,
  "standard_staked_sol": 1629581.911042289,
  "standard_staked_usd": 135211756.75820062,
  "total_virtual_staked_sol": 2812811.656392059,
  "total_virtual_staked_usd": 233388210.13756615,
  "marinade_native_stake_sol": 2852172.231301939,
  "marinade_native_stake_usd": 236654086.15430084,
  "marinade_select_stake_sol": 916858.55060683,
  "marinade_select_stake_usd": 76074761.56079517,
  "recipe_usdg_sol": 258908.451347651,
  "recipe_usdg_usd": 21482483.51865298
}