{
  "staked_sol": 5379215.709819339,
  "staked_usd": 1192638614.2227013,
  "msol_directed_stake_sol": 1075843.141963868,
  "msol_directed_stake_msol": 267044.5240444602,
  "liquidity_sol": 10228.358307234,
  "liquidity_usd": 2267753.4673028584,
  "total_sol": 8442888.235275758,
  "total_usd": 1871892682.5291052,
  "self_staked_sol": 1214034.725192254,
  "self_staked_usd": 269166505.0034135,
  "standard_staked_sol": 4165180.984627085,
  "standard_staked_usd": 923472109.2192876,
  "total_virtual_staked_sol": 5338803.191723316,
  "total_virtual_staked_usd": 1183678659.4301634,
  "marinade_native_stake_sol": 3053444.167149185,
  "marinade_native_stake_usd": 676986314.8391012
}