{
  "rewards_mev": [
    [
      729,
      181353.994082048
    ],
    [
      728,
      79447.052255319
    ],
    [
      727,
      58037.990581684
    ],
    [
      726,
      54574.447611877
    ],
    [
      725,
      56750.472480769
    ],
    [
      724,
      63847.731168244
    ],
    [
      723,
      61757.158197144
    ],
    [
      722,
      55134.526243289
    ],
    [
      721,
      56456.529406359
    ],
    [
      720,
      40840.025195907
    ]
  ],
  "rewards_inflation_est": [
    [
      730,
      154673.06967573077
    ],
    [
      729,
      154781.98984520807
    ],
    [
      728,
      154908.861833494
    ],
    [
      727,
      155015.91758932904
    ],
    [
      726,
      155119.1245504277
    ],
    [
      725,
      155222.1718686196
    ],
    [
      724,
      155325.82966191773
    ],
    [
      723,
      155429.83604254067
    ],
    [
      722,
      155534.55243079038
    ],
    [
      721,
      155638.35095829878
    ]
  ]
}