{
  "staked_sol": 5406322.76003506,
  "staked_usd": 1334464336.5938613,
  "msol_directed_stake_sol": 1081264.552007012,
  "msol_directed_stake_msol": 279429.29176714836,
  "liquidity_sol": 13713.372088026,
  "liquidity_usd": 3384926.649439205,
  "total_sol": 8494846.850590305,
  "total_usd": 2096817128.7771819,
  "self_staked_sol": 1214034.725192254,
  "self_staked_usd": 299665061.82939875,
  "standard_staked_sol": 4192288.034842806,
  "standard_staked_usd": 1034799274.7644625,
  "total_virtual_staked_sol": 5364936.456612586,
  "total_virtual_staked_usd": 1324248789.2815535,
  "marinade_native_stake_sol": 3074810.718467219,
  "marinade_native_stake_usd": 758967865.5338812
}