{
  "staked_sol": 5588518.747176732,
  "staked_usd": 1057227426.9396036,
  "msol_directed_stake_sol": 1117703.7494353463,
  "msol_directed_stake_msol": 246161.5194735209,
  "liquidity_sol": 13940.773645164,
  "liquidity_usd": 2637294.2307601566,
  "total_sol": 8776755.378492016,
  "total_usd": 1660373155.2961364,
  "self_staked_sol": 1214034.725192254,
  "self_staked_usd": 229669232.0087059,
  "standard_staked_sol": 4374484.021984478,
  "standard_staked_usd": 827558194.9308977,
  "total_virtual_staked_sol": 5435980.070154391,
  "total_virtual_staked_usd": 1028370393.3833376,
  "marinade_native_stake_sol": 3174295.85767012,
  "marinade_native_stake_usd": 600508434.1257725
}