{
  "staked_sol": 5282126.315110037,
  "staked_usd": 742876594.0813171,
  "msol_directed_stake_sol": 1056425.2630220074,
  "msol_directed_stake_msol": 499633.88306764985,
  "liquidity_sol": 14798.097347883,
  "liquidity_usd": 2081199.78600892,
  "total_sol": 7923671.110844356,
  "total_usd": 1114382628.5649812,
  "self_staked_sol": 1214034.725192254,
  "self_staked_usd": 170741464.3166256,
  "standard_staked_sol": 4068091.589917783,
  "standard_staked_usd": 572135129.7646915,
  "total_virtual_staked_sol": 5224411.974238582,
  "total_virtual_staked_usd": 734759667.2191957,
  "marinade_native_stake_sol": 2626746.698386436,
  "marinade_native_stake_usd": 369424834.69765526
}