{
  "rewards_mev": [
    [
      965,
      2968.247833329
    ],
    [
      964,
      2950.699593048
    ],
    [
      963,
      4118.207311969
    ],
    [
      962,
      1994.252169061
    ],
    [
      961,
      2155.172815697
    ],
    [
      960,
      2099.136993717
    ],
    [
      959,
      2119.27869082
    ],
    [
      958,
      2029.111548123
    ],
    [
      956,
      2568.312810833
    ],
    [
      955,
      1938.1047760750002
    ]
  ],
  "rewards_inflation_est": [
    [
      966,
      132385.53752332155
    ],
    [
      965,
      132475.66137160241
    ],
    [
      964,
      132565.8123016373
    ],
    [
      963,
      132656.0170973627
    ],
    [
      962,
      132746.28027710496
    ],
    [
      961,
      132836.54978872623
    ],
    [
      960,
      132926.695558806
    ],
    [
      959,
      133017.20524850124
    ],
    [
      958,
      133107.3061311212
    ],
    [
      957,
      133107.3061311212
    ]
  ],
  "rewards_jito_priority": [
    [
      965,
      6.795714712
    ],
    [
      964,
      7.664846559
    ],
    [
      963,
      8.928936301
    ],
    [
      962,
      4.216406424
    ],
    [
      961,
      5.187480353
    ],
    [
      960,
      5.635213002
    ],
    [
      959,
      6.032573374
    ],
    [
      958,
      4.736567543
    ],
    [
      957,
      7.543828539
    ],
    [
      956,
      8.64012283
    ]
  ],
  "rewards_block": [
    [
      966,
      8991.020382846
    ],
    [
      965,
      9435.047780165
    ],
    [
      964,
      11610.213813132
    ],
    [
      963,
      13396.533529299
    ],
    [
      962,
      7987.664330647999
    ],
    [
      961,
      8571.537202678
    ],
    [
      960,
      9441.866699737
    ],
    [
      959,
      10057.331377348
    ],
    [
      958,
      8933.042030226
    ],
    [
      957,
      12006.255236922
    ]
  ]
}