{
  "staked_sol": 2237760.948269518,
  "staked_usd": 323159416.6685583,
  "msol_directed_stake_sol": 447552.18965390365,
  "msol_directed_stake_msol": 78258.98350742989,
  "liquidity_sol": 9668.187439484,
  "liquidity_usd": 1396201.7773176504,
  "total_sol": 8355235.960849443,
  "total_usd": 1206595897.2625113,
  "self_staked_sol": 1214034.725192254,
  "self_staked_usd": 175321119.0462021,
  "standard_staked_sol": 1023726.223077264,
  "standard_staked_usd": 147838297.62235618,
  "total_virtual_staked_sol": 4928964.038569579,
  "total_virtual_staked_usd": 711801296.1644566,
  "marinade_native_stake_sol": 5265928.053504496,
  "marinade_native_stake_usd": 760462925.8121055,
  "marinade_select_stake_sol": 841878.771635945,
  "marinade_select_stake_usd": 121577353.00452973
}