{
  "staked_sol": 5066597.269373258,
  "staked_usd": 702837101.0355499,
  "msol_directed_stake_sol": 1013319.4538746516,
  "msol_directed_stake_msol": 521502.8979630803,
  "liquidity_sol": 16415.914261003,
  "liquidity_usd": 2277211.5044144243,
  "total_sol": 7614252.951349165,
  "total_usd": 1056247257.5483826,
  "self_staked_sol": 1214034.725192254,
  "self_staked_usd": 168410592.2466903,
  "standard_staked_sol": 3852562.544181004,
  "standard_staked_usd": 534426508.78885967,
  "total_virtual_staked_sol": 4937886.069537409,
  "total_virtual_staked_usd": 684982315.712416,
  "marinade_native_stake_sol": 2531239.767714904,
  "marinade_native_stake_usd": 351132945.0084182
}