{
  "staked_sol": 4947843.57853431,
  "staked_usd": 685569123.973891,
  "msol_directed_stake_sol": 989568.715706862,
  "msol_directed_stake_msol": 78569.78719607073,
  "liquidity_sol": 9668.208815479,
  "liquidity_usd": 1339619.0366204048,
  "total_sol": 11100031.768229136,
  "total_usd": 1538011243.6136184,
  "self_staked_sol": 1214034.725192254,
  "self_staked_usd": 168215649.87114832,
  "standard_staked_sol": 3733808.853342056,
  "standard_staked_usd": 517353474.1027427,
  "total_virtual_staked_sol": 4916493.084628467,
  "total_virtual_staked_usd": 681225225.404336,
  "marinade_native_stake_sol": 5301223.642037768,
  "marinade_native_stake_usd": 734533174.013175,
  "marinade_select_stake_sol": 841296.33884158,
  "marinade_select_stake_usd": 116569326.589932
}