{
  "staked_sol": 5211326.98499325,
  "staked_usd": 1086795219.3321483,
  "msol_directed_stake_sol": 1042265.39699865,
  "msol_directed_stake_msol": 470432.7445985225,
  "liquidity_sol": 14389.876555009,
  "liquidity_usd": 3000934.1366983517,
  "total_sol": 7932157.303529927,
  "total_usd": 1654210273.370147,
  "self_staked_sol": 1214034.725192254,
  "self_staked_usd": 253180646.54963672,
  "standard_staked_sol": 3997292.259800996,
  "standard_staked_usd": 833614572.7825116,
  "total_virtual_staked_sol": 5350241.740777073,
  "total_virtual_staked_usd": 1115765171.3070095,
  "marinade_native_stake_sol": 2706440.441981668,
  "marinade_native_stake_usd": 564414119.9013005
}