{
  "staked_sol": 2627586.700702217,
  "staked_usd": 164978875.12427318,
  "msol_directed_stake_sol": 525517.3401404434,
  "msol_directed_stake_msol": 27566.862631450476,
  "liquidity_sol": 7538.439355479,
  "liquidity_usd": 473317.6814782571,
  "total_sol": 6775714.222484693,
  "total_usd": 425428287.5957322,
  "self_staked_sol": 1214034.725192254,
  "self_staked_usd": 76225870.40438935,
  "standard_staked_sol": 1413551.975509963,
  "standard_staked_usd": 88753004.71988383,
  "total_virtual_staked_sol": 2597418.512943479,
  "total_virtual_staked_usd": 163084698.35756773,
  "marinade_native_stake_sol": 2708010.406594476,
  "marinade_native_stake_usd": 170028456.3722999,
  "marinade_select_stake_sol": 1149233.067975507,
  "marinade_select_stake_usd": 72157154.22807801,
  "recipe_usdg_sol": 283345.607857014,
  "recipe_usdg_usd": 17790484.18960288
}