{
  "rewards_mev": [
    [
      764,
      17639.661293003
    ],
    [
      763,
      20449.910190756
    ],
    [
      762,
      20391.370522242
    ],
    [
      761,
      24674.978212658
    ],
    [
      760,
      10170.101179614
    ],
    [
      759,
      12335.194660324
    ],
    [
      758,
      15625.665516195
    ],
    [
      757,
      15295.850256715
    ],
    [
      756,
      16657.459264307
    ],
    [
      755,
      17979.923092808
    ]
  ],
  "rewards_inflation_est": [
    [
      765,
      151195.78962023908
    ],
    [
      764,
      151292.60383705018
    ],
    [
      763,
      151389.4430522466
    ],
    [
      762,
      151486.31534907376
    ],
    [
      761,
      151583.216159081
    ],
    [
      760,
      151680.14976765407
    ],
    [
      759,
      151777.10566942638
    ],
    [
      758,
      151874.07149892137
    ],
    [
      757,
      151971.1064497099
    ],
    [
      756,
      152068.14675983376
    ]
  ]
}