{
  "staked_sol": 4938999.545008578,
  "staked_usd": 593483578.363907,
  "msol_directed_stake_sol": 987799.9090017157,
  "msol_directed_stake_msol": 126997.03492513412,
  "liquidity_sol": 10088.105019799,
  "liquidity_usd": 1212214.0549925491,
  "total_sol": 9305058.265144028,
  "total_usd": 1118121033.5731533,
  "self_staked_sol": 1214034.725192254,
  "self_staked_usd": 145881704.6649252,
  "standard_staked_sol": 3724964.819816324,
  "standard_staked_usd": 447601873.6989817,
  "total_virtual_staked_sol": 4867535.030509374,
  "total_virtual_staked_usd": 584896208.5120733,
  "marinade_native_stake_sol": 4355970.615115652,
  "marinade_native_stake_usd": 523425241.154254
}