{
  "staked_sol": 4994749.360087326,
  "staked_usd": 776195027.1686066,
  "msol_directed_stake_sol": 998949.8720174652,
  "msol_directed_stake_msol": 73743.96172724097,
  "liquidity_sol": 9664.012053569,
  "liquidity_usd": 1501808.711047432,
  "total_sol": 11255364.04595273,
  "total_usd": 1749108307.8667424,
  "self_staked_sol": 1214034.725192254,
  "self_staked_usd": 188663664.2940094,
  "standard_staked_sol": 3780714.634895072,
  "standard_staked_usd": 587531362.8745972,
  "total_virtual_staked_sol": 4963631.009741983,
  "total_virtual_staked_usd": 771359167.1383201,
  "marinade_native_stake_sol": 5405556.493392611,
  "marinade_native_stake_usd": 840035358.4863282,
  "marinade_select_stake_sol": 845394.180419224,
  "marinade_select_stake_usd": 131376113.50076011
}