{
  "staked_sol": 5175570.476548515,
  "staked_usd": 770853630.0577829,
  "msol_directed_stake_sol": 1035114.0953097031,
  "msol_directed_stake_msol": 631402.4870271342,
  "liquidity_sol": 17592.106225667,
  "liquidity_usd": 2620182.452517012,
  "total_sol": 7666142.457356782,
  "total_usd": 1141801424.320373,
  "self_staked_sol": 1214034.725192254,
  "self_staked_usd": 180819308.55180758,
  "standard_staked_sol": 3961535.751356261,
  "standard_staked_usd": 590034321.5059752,
  "total_virtual_staked_sol": 5076011.885514399,
  "total_virtual_staked_usd": 756025293.4232354,
  "marinade_native_stake_sol": 2472979.8745826,
  "marinade_native_stake_usd": 368327611.8100733
}