{
  "staked_sol": 5423989.082115693,
  "staked_usd": 729276040.3926114,
  "msol_directed_stake_sol": 1084797.8164231386,
  "msol_directed_stake_msol": 713308.2013697384,
  "liquidity_sol": 18317.481517686,
  "liquidity_usd": 2462855.3245487437,
  "total_sol": 7996341.457514829,
  "total_usd": 1075138638.2748828,
  "self_staked_sol": 1214034.725192254,
  "self_staked_usd": 163231603.8774162,
  "standard_staked_sol": 4209954.356923439,
  "standard_staked_usd": 566044436.5151951,
  "total_virtual_staked_sol": 5392077.314567546,
  "total_virtual_staked_usd": 724985381.4095067,
  "marinade_native_stake_sol": 2554034.89388145,
  "marinade_native_stake_usd": 343399742.5577226
}