{
  "staked_sol": 5425408.8557889,
  "staked_usd": 735542618.6387229,
  "msol_directed_stake_sol": 1085081.77115778,
  "msol_directed_stake_msol": 713308.2013697387,
  "liquidity_sol": 18327.673620604,
  "liquidity_usd": 2484750.0726274187,
  "total_sol": 7997784.867156786,
  "total_usd": 1084289088.7791455,
  "self_staked_sol": 1214034.725192254,
  "self_staked_usd": 164591149.64827973,
  "standard_staked_sol": 4211374.130596646,
  "standard_staked_usd": 570951468.9904432,
  "total_virtual_staked_sol": 5393497.088240753,
  "total_virtual_staked_usd": 731216223.0265822,
  "marinade_native_stake_sol": 2554048.337747282,
  "marinade_native_stake_usd": 346261720.0677952
}