{
  "staked_sol": 5076017.890478754,
  "staked_usd": 730945117.2798785,
  "msol_directed_stake_sol": 1015203.5780957509,
  "msol_directed_stake_msol": 529564.856835231,
  "liquidity_sol": 16483.899926394,
  "liquidity_usd": 2373676.851598219,
  "total_sol": 7586565.425709325,
  "total_usd": 1092463240.771508,
  "self_staked_sol": 1214034.725192254,
  "self_staked_usd": 174820651.48982385,
  "standard_staked_sol": 3861983.1652865,
  "standard_staked_usd": 556124465.7900546,
  "total_virtual_staked_sol": 4947042.137748359,
  "total_virtual_staked_usd": 712372645.9569124,
  "marinade_native_stake_sol": 2494063.635304177,
  "marinade_native_stake_usd": 359144446.64003146
}