{
  "staked_sol": 4886184.745034026,
  "staked_usd": 654499453.8448734,
  "msol_directed_stake_sol": 977236.9490068052,
  "msol_directed_stake_msol": 133097.4181308223,
  "liquidity_sol": 10197.328153211,
  "liquidity_usd": 1365921.686390733,
  "total_sol": 9320254.183207005,
  "total_usd": 1248438524.3116512,
  "self_staked_sol": 1214034.725192254,
  "self_staked_usd": 162618710.92667985,
  "standard_staked_sol": 3672150.019841772,
  "standard_staked_usd": 491880742.9181936,
  "total_virtual_staked_sol": 4794200.919893769,
  "total_virtual_staked_usd": 642178314.4573283,
  "marinade_native_stake_sol": 4423872.110019769,
  "marinade_native_stake_usd": 592573148.7803873
}