{
  "rewards_mev": [
    [
      677,
      12423.411627377
    ],
    [
      676,
      21869.318345026
    ],
    [
      675,
      9830.755225249
    ],
    [
      674,
      6344.727762149
    ],
    [
      673,
      5629.354178096
    ],
    [
      672,
      5902.708455509
    ],
    [
      671,
      4534.119179531
    ],
    [
      670,
      4745.294504443
    ],
    [
      669,
      5702.557070933
    ],
    [
      668,
      5352.843366532
    ]
  ],
  "rewards_inflation_est": [
    [
      677,
      160228.87860087282
    ],
    [
      676,
      160330.6701632528
    ],
    [
      675,
      160432.67439821933
    ],
    [
      674,
      160533.4082418914
    ],
    [
      673,
      160633.65076681375
    ],
    [
      672,
      160733.93268089078
    ],
    [
      671,
      160834.23061551966
    ],
    [
      670,
      160934.37881294562
    ],
    [
      669,
      161034.57784633822
    ],
    [
      668,
      161134.97111533713
    ]
  ]
}