{
  "staked_sol": 5319479.75304821,
  "staked_usd": 825988083.0618198,
  "msol_directed_stake_sol": 1063895.950609642,
  "msol_directed_stake_msol": 508474.95008537784,
  "liquidity_sol": 15643.029625868,
  "liquidity_usd": 2428988.670658234,
  "total_sol": 7892864.6133143,
  "total_usd": 1225573254.242042,
  "self_staked_sol": 1214034.725192254,
  "self_staked_usd": 188510580.35466966,
  "standard_staked_sol": 4105445.027855956,
  "standard_staked_usd": 637477502.70715,
  "total_virtual_staked_sol": 5283204.134791104,
  "total_virtual_staked_usd": 820355346.445255,
  "marinade_native_stake_sol": 2557741.830640222,
  "marinade_native_stake_usd": 397156182.5095642
}