{
  "staked_sol": 5018712.270315966,
  "staked_usd": 982833713.5675222,
  "msol_directed_stake_sol": 1003742.4540631932,
  "msol_directed_stake_msol": 230691.97006559712,
  "liquidity_sol": 10228.896968006,
  "liquidity_usd": 2003164.2085215566,
  "total_sol": 9438164.62507092,
  "total_usd": 1848312054.585283,
  "self_staked_sol": 1214034.725192254,
  "self_staked_usd": 237749086.4375671,
  "standard_staked_sol": 3804677.545123712,
  "standard_staked_usd": 745084627.1299552,
  "total_virtual_staked_sol": 4961267.467537209,
  "total_virtual_staked_usd": 971584077.0473866,
  "marinade_native_stake_sol": 4409223.457786949,
  "marinade_native_stake_usd": 863475176.8092395
}