{
  "staked_sol": 5079071.692778352,
  "staked_usd": 700007986.0959289,
  "msol_directed_stake_sol": 1015814.3385556703,
  "msol_directed_stake_msol": 137623.28602060123,
  "liquidity_sol": 10204.133428107,
  "liquidity_usd": 1406354.4133506767,
  "total_sol": 9726861.49964429,
  "total_usd": 1340575825.9095247,
  "self_staked_sol": 1214034.725192254,
  "self_staked_usd": 167320733.87361032,
  "standard_staked_sol": 3865036.967586098,
  "standard_staked_usd": 532687252.22231853,
  "total_virtual_staked_sol": 4934343.877185976,
  "total_virtual_staked_usd": 680061304.3294696,
  "marinade_native_stake_sol": 4637585.673437831,
  "marinade_native_stake_usd": 639161485.400245
}