{
  "rewards_mev": [
    [
      883,
      2383.474340989
    ],
    [
      882,
      2661.743605133
    ],
    [
      881,
      2690.854513319
    ],
    [
      880,
      2096.557828823
    ],
    [
      879,
      2959.060986957
    ],
    [
      878,
      3936.417926043
    ],
    [
      877,
      3041.617553032
    ],
    [
      876,
      2435.502685887
    ],
    [
      875,
      3017.730466264
    ],
    [
      874,
      4679.499809698
    ]
  ],
  "rewards_inflation_est": [
    [
      884,
      139895.56792329033
    ],
    [
      883,
      139988.57645176438
    ],
    [
      882,
      140081.6205734233
    ],
    [
      881,
      140174.7064297958
    ],
    [
      880,
      140267.81719741318
    ],
    [
      879,
      140360.9440717118
    ],
    [
      878,
      140454.12468288798
    ],
    [
      877,
      140547.3436044427
    ],
    [
      876,
      140640.5894294996
    ],
    [
      875,
      140733.85983791336
    ]
  ],
  "rewards_jito_priority": [
    [
      883,
      11.806498762
    ],
    [
      882,
      10.077849438
    ],
    [
      881,
      12.95512919
    ],
    [
      880,
      9.089054647
    ],
    [
      879,
      10.511726389
    ],
    [
      878,
      18.442747437
    ],
    [
      877,
      10.936569617
    ],
    [
      876,
      10.62905351
    ],
    [
      875,
      15.013985604
    ],
    [
      874,
      13.157105144
    ]
  ],
  "rewards_block": [
    [
      884,
      5812.93395448
    ],
    [
      883,
      6681.846717794
    ],
    [
      882,
      7275.460521882
    ],
    [
      881,
      7171.216446798
    ],
    [
      880,
      6296.15111304
    ],
    [
      879,
      7494.8471023619995
    ],
    [
      878,
      9273.709695053
    ],
    [
      877,
      8102.550869688001
    ],
    [
      876,
      7690.825669742
    ],
    [
      875,
      8996.755213469
    ]
  ]
}