{
  "rewards_mev": [
    [
      1000,
      1678.28768205
    ],
    [
      999,
      2107.821411594
    ],
    [
      998,
      3096.265417675
    ],
    [
      997,
      2773.399735766
    ],
    [
      995,
      3529.392679258
    ],
    [
      994,
      3750.008629245
    ],
    [
      993,
      2397.914985499
    ],
    [
      992,
      2559.770175577
    ],
    [
      991,
      2506.432176838
    ],
    [
      990,
      1901.6383621460002
    ]
  ],
  "rewards_inflation_est": [
    [
      1001,
      129253.46425708514
    ],
    [
      1000,
      129342.34233170343
    ],
    [
      999,
      129431.23102543742
    ],
    [
      998,
      129520.17938522011
    ],
    [
      997,
      129609.18142834985
    ],
    [
      996,
      129698.19088135437
    ],
    [
      995,
      129787.25402348442
    ],
    [
      994,
      129876.41816571655
    ],
    [
      993,
      129965.59112547858
    ],
    [
      992,
      130054.76358090449
    ]
  ],
  "rewards_jito_priority": [
    [
      1000,
      6.378518032
    ],
    [
      999,
      7.49318433
    ],
    [
      998,
      10.623761427
    ],
    [
      997,
      18.410331452
    ],
    [
      996,
      7.297612525
    ],
    [
      995,
      8.830910213
    ],
    [
      994,
      8.348595409
    ],
    [
      993,
      4.756783196
    ],
    [
      992,
      4.287869441
    ],
    [
      991,
      7.260848415
    ]
  ],
  "rewards_block": [
    [
      1001,
      9747.449931941
    ],
    [
      1000,
      8318.927271511
    ],
    [
      999,
      11973.667937193
    ],
    [
      998,
      13784.893170901
    ],
    [
      997,
      11788.990864649
    ],
    [
      996,
      13212.217578596
    ],
    [
      995,
      14156.934618567
    ],
    [
      994,
      13652.782698803
    ],
    [
      993,
      9199.591424824
    ],
    [
      992,
      9534.031607632
    ]
  ]
}