{
  "rewards_mev": [
    [
      680,
      18942.427135714
    ],
    [
      679,
      19695.739834836
    ],
    [
      678,
      22124.823544593
    ],
    [
      677,
      22456.33167391
    ],
    [
      676,
      21869.318345026
    ],
    [
      675,
      9830.755225249
    ],
    [
      674,
      6344.727762149
    ],
    [
      673,
      5629.354178096
    ],
    [
      672,
      5902.708455509
    ],
    [
      671,
      4534.119179531
    ]
  ],
  "rewards_inflation_est": [
    [
      680,
      159923.82791952384
    ],
    [
      679,
      160025.25697910777
    ],
    [
      678,
      160126.90048472604
    ],
    [
      677,
      160228.87860087282
    ],
    [
      676,
      160330.6701632528
    ],
    [
      675,
      160432.67439821933
    ],
    [
      674,
      160533.4082418914
    ],
    [
      673,
      160633.65076681375
    ],
    [
      672,
      160733.93268089078
    ],
    [
      671,
      160834.23061551966
    ]
  ]
}