{
  "staked_sol": 5297492.214609478,
  "staked_usd": 777157573.6998312,
  "msol_directed_stake_sol": 1059498.4429218955,
  "msol_directed_stake_msol": 501908.96101389197,
  "liquidity_sol": 14823.511422411,
  "liquidity_usd": 2174652.402316351,
  "total_sol": 7932829.495274268,
  "total_usd": 1163769246.5351334,
  "self_staked_sol": 1214034.725192254,
  "self_staked_usd": 178102438.51152247,
  "standard_staked_sol": 4083457.489417224,
  "standard_staked_usd": 599055135.1883088,
  "total_virtual_staked_sol": 5250183.844630175,
  "total_virtual_staked_usd": 770217297.7089738,
  "marinade_native_stake_sol": 2620513.769242379,
  "marinade_native_stake_usd": 384437020.4329857
}