{
  "staked_sol": 5063288.774634973,
  "staked_usd": 727903121.9355184,
  "msol_directed_stake_sol": 1012657.7549269947,
  "msol_directed_stake_msol": 530794.3269408208,
  "liquidity_sol": 16348.798846565,
  "liquidity_usd": 2350318.5873826435,
  "total_sol": 7591009.138587812,
  "total_usd": 1091290561.6404366,
  "self_staked_sol": 1214034.725192254,
  "self_staked_usd": 174530765.66214204,
  "standard_staked_sol": 3849254.049442719,
  "standard_staked_usd": 553372356.2733763,
  "total_virtual_staked_sol": 5024431.679486718,
  "total_virtual_staked_usd": 722316989.6553583,
  "marinade_native_stake_sol": 2511371.565106274,
  "marinade_native_stake_usd": 361037121.1175357
}