{
  "staked_sol": 2301574.710049441,
  "staked_usd": 164578236.12421718,
  "msol_directed_stake_sol": 460314.94200988824,
  "msol_directed_stake_msol": 26590.61160627348,
  "liquidity_sol": 7521.382035573,
  "liquidity_usd": 537829.940182297,
  "total_sol": 6417832.266342734,
  "total_usd": 458918630.58969957,
  "self_staked_sol": 1214034.725192254,
  "self_staked_usd": 86811734.93664162,
  "standard_staked_sol": 1087539.984857187,
  "standard_staked_usd": 77766501.18757553,
  "total_virtual_staked_sol": 2499590.390239413,
  "total_virtual_staked_usd": 178737703.21790215,
  "marinade_native_stake_sol": 2590554.271167048,
  "marinade_native_stake_usd": 185242239.00755805,
  "marinade_select_stake_sol": 1213074.60001102,
  "marinade_select_stake_usd": 86743079.4599821,
  "recipe_usdg_sol": 305107.303079652,
  "recipe_usdg_usd": 21817246.057759903
}