{
  "staked_sol": 2437903.580207886,
  "staked_usd": 190365241.37677285,
  "msol_directed_stake_sol": 487580.7160415773,
  "msol_directed_stake_msol": 26859.66387617046,
  "liquidity_sol": 6723.618816553,
  "liquidity_usd": 525018.0234073817,
  "total_sol": 6814537.396953312,
  "total_usd": 532117458.2021175,
  "self_staked_sol": 1214034.725192254,
  "self_staked_usd": 94798668.56805722,
  "standard_staked_sol": 1223868.855015632,
  "standard_staked_usd": 95566572.80871561,
  "total_virtual_staked_sol": 2407763.673866863,
  "total_virtual_staked_usd": 188011747.7471384,
  "marinade_native_stake_sol": 2853079.002515955,
  "marinade_native_stake_usd": 222784476.5438337,
  "marinade_select_stake_sol": 1215745.884038197,
  "marinade_select_stake_usd": 94932285.48768708,
  "recipe_usdg_sol": 301085.311374721,
  "recipe_usdg_usd": 23510436.770416524
}