{
  "staked_sol": 2536765.300970171,
  "staked_usd": 172388447.37398472,
  "msol_directed_stake_sol": 507353.06019403425,
  "msol_directed_stake_msol": 26615.422203946462,
  "liquidity_sol": 7530.511195971,
  "liquidity_usd": 511743.4918040588,
  "total_sol": 6558564.154979797,
  "total_usd": 445693849.26829374,
  "self_staked_sol": 1214034.725192254,
  "self_staked_usd": 82500955.5491613,
  "standard_staked_sol": 1322730.575777917,
  "standard_staked_usd": 89887491.82482341,
  "total_virtual_staked_sol": 2506671.647669176,
  "total_virtual_staked_usd": 170343402.7786548,
  "marinade_native_stake_sol": 2581858.374109229,
  "marinade_native_stake_usd": 175452792.6891744,
  "marinade_select_stake_sol": 1149626.341047712,
  "marinade_select_stake_usd": 78124018.77211756,
  "recipe_usdg_sol": 282783.627656714,
  "recipe_usdg_usd": 19216846.941213008
}