{
  "rewards_mev": [
    [
      806,
      11843.337981638
    ],
    [
      805,
      13081.645463727
    ],
    [
      804,
      13328.517875253
    ],
    [
      803,
      15015.054893227
    ],
    [
      802,
      11295.098127522
    ],
    [
      801,
      13847.381695747
    ],
    [
      800,
      13739.649165519
    ],
    [
      799,
      10139.312217074
    ],
    [
      797,
      15389.358989672
    ],
    [
      796,
      13324.176591741
    ]
  ],
  "rewards_inflation_est": [
    [
      806,
      147251.56494355758
    ],
    [
      805,
      147347.15364337727
    ],
    [
      804,
      147442.76897442152
    ],
    [
      803,
      147538.4204805731
    ],
    [
      802,
      147634.1038133571
    ],
    [
      801,
      147729.81187255154
    ],
    [
      800,
      147825.56400880302
    ],
    [
      799,
      147921.34180454438
    ],
    [
      798,
      148017.13565555695
    ],
    [
      797,
      148112.9764166125
    ]
  ]
}