{
  "rewards_mev": [
    [
      956,
      2568.312810833
    ],
    [
      955,
      1938.1047760750002
    ],
    [
      954,
      2386.986386284
    ],
    [
      953,
      2607.358939935
    ],
    [
      952,
      2559.252640017
    ],
    [
      951,
      2269.312769795
    ],
    [
      950,
      2437.228348718
    ],
    [
      949,
      4648.580821823
    ],
    [
      948,
      2959.780615039
    ],
    [
      947,
      2005.5600137200001
    ]
  ],
  "rewards_inflation_est": [
    [
      955,
      133378.9791651942
    ],
    [
      954,
      133469.50886762544
    ],
    [
      953,
      133560.07536898035
    ],
    [
      952,
      133650.68305981258
    ],
    [
      951,
      133741.33226176703
    ],
    [
      950,
      133831.99297430814
    ],
    [
      949,
      133922.70362882616
    ],
    [
      948,
      134013.48136062422
    ],
    [
      947,
      134104.28120068007
    ],
    [
      946,
      134195.10747449344
    ]
  ],
  "rewards_jito_priority": [
    [
      957,
      7.543828539
    ],
    [
      956,
      8.64012283
    ],
    [
      955,
      5.860636012
    ],
    [
      954,
      6.675017393
    ],
    [
      953,
      7.61718531
    ],
    [
      952,
      5.567286266
    ],
    [
      951,
      6.250332807
    ],
    [
      950,
      8.294686811
    ],
    [
      949,
      7.380184878
    ],
    [
      948,
      10.501955241
    ]
  ],
  "rewards_block": [
    [
      958,
      8933.042030226
    ],
    [
      957,
      12006.255236922
    ],
    [
      956,
      10514.064561754
    ],
    [
      955,
      8714.270455521
    ],
    [
      954,
      9757.297749929
    ],
    [
      953,
      11290.239894716
    ],
    [
      952,
      10894.268185697
    ],
    [
      951,
      9610.971826408
    ],
    [
      950,
      10511.276634993
    ],
    [
      949,
      13413.35512165
    ]
  ]
}