{
  "rewards_mev": [
    [
      732,
      85856.72380624
    ],
    [
      731,
      129553.184016673
    ],
    [
      730,
      103082.100573695
    ],
    [
      729,
      181353.994082048
    ],
    [
      728,
      79447.052255319
    ],
    [
      727,
      58037.990581684
    ],
    [
      726,
      54574.447611877
    ],
    [
      725,
      56750.472480769
    ],
    [
      724,
      63847.731168244
    ],
    [
      723,
      61757.158197144
    ]
  ],
  "rewards_inflation_est": [
    [
      733,
      154349.69706429934
    ],
    [
      732,
      154455.53837851976
    ],
    [
      731,
      154562.43175538865
    ],
    [
      730,
      154673.06967573077
    ],
    [
      729,
      154781.98984520807
    ],
    [
      728,
      154908.861833494
    ],
    [
      727,
      155015.91758932904
    ],
    [
      726,
      155119.1245504277
    ],
    [
      725,
      155222.1718686196
    ],
    [
      724,
      155325.82966191773
    ]
  ]
}