{
  "staked_sol": 5382598.184155525,
  "staked_usd": 1247026916.5385108,
  "msol_directed_stake_sol": 1076519.636831105,
  "msol_directed_stake_msol": 263118.0745590604,
  "liquidity_sol": 10219.960218495,
  "liquidity_usd": 2367734.882371785,
  "total_sol": 8729078.527381044,
  "total_usd": 2022331132.2523172,
  "self_staked_sol": 1214034.725192254,
  "self_staked_usd": 281264535.84881437,
  "standard_staked_sol": 4168563.458963271,
  "standard_staked_usd": 965762380.6896966,
  "total_virtual_staked_sol": 5327101.944213766,
  "total_virtual_staked_usd": 1234169686.144132,
  "marinade_native_stake_sol": 3336260.383007024,
  "marinade_native_stake_usd": 772936480.8314344
}