{
  "staked_sol": 4672633.401957469,
  "staked_usd": 846347478.7967883,
  "msol_directed_stake_sol": 934526.6803914938,
  "msol_directed_stake_msol": 36535.70756403372,
  "liquidity_sol": 9403.487673846,
  "liquidity_usd": 1703240.4214125162,
  "total_sol": 10514498.449024327,
  "total_usd": 1904476231.6291552,
  "self_staked_sol": 1214034.725192254,
  "self_staked_usd": 219896392.55837524,
  "standard_staked_sol": 3458598.676765215,
  "standard_staked_usd": 626451086.2384131,
  "total_virtual_staked_sol": 4641428.523716458,
  "total_virtual_staked_usd": 840695383.3393582,
  "marinade_native_stake_sol": 4971611.179990434,
  "marinade_native_stake_usd": 900500900.8368016,
  "marinade_select_stake_sol": 860850.37940258,
  "marinade_select_stake_usd": 155924611.57415316
}