{
  "staked_sol": 5060970.017667062,
  "staked_usd": 640512115.1827128,
  "msol_directed_stake_sol": 1012194.0035334124,
  "msol_directed_stake_msol": 141123.6570398323,
  "liquidity_sol": 10204.094450055,
  "liquidity_usd": 1291421.6240984006,
  "total_sol": 9677837.265240287,
  "total_usd": 1224818956.744297,
  "self_staked_sol": 1214034.725192254,
  "self_staked_usd": 153647215.2618291,
  "standard_staked_sol": 3846935.292474808,
  "standard_staked_usd": 486864899.9208838,
  "total_virtual_staked_sol": 5018460.132319258,
  "total_virtual_staked_usd": 635132099.7933215,
  "marinade_native_stake_sol": 4606663.15312317,
  "marinade_native_stake_usd": 583015419.9374858
}