{
  "rewards_mev": [
    [
      664,
      5029.404255054
    ],
    [
      663,
      6656.060606355
    ],
    [
      662,
      7776.278446894
    ],
    [
      661,
      6190.60214125
    ],
    [
      660,
      7477.748816234
    ],
    [
      659,
      6625.41974036
    ],
    [
      658,
      13269.17907687
    ],
    [
      657,
      11603.658170956
    ],
    [
      656,
      16376.713842836
    ],
    [
      655,
      18683.260019085
    ]
  ],
  "rewards_inflation_est": [
    [
      665,
      161435.6866564622
    ],
    [
      664,
      161536.18745583325
    ],
    [
      663,
      161636.38971870867
    ],
    [
      662,
      161736.95740578647
    ],
    [
      661,
      161837.64138038052
    ],
    [
      660,
      161938.13078057885
    ],
    [
      659,
      162038.7567423794
    ],
    [
      658,
      162139.34612048813
    ],
    [
      657,
      162240.42055544732
    ],
    [
      656,
      162341.42731504113
    ]
  ]
}