{
  "staked_sol": 5007834.826325808,
  "staked_usd": 642227620.9284769,
  "msol_directed_stake_sol": 1001566.9652651616,
  "msol_directed_stake_msol": 524745.2052462075,
  "liquidity_sol": 16391.571390589,
  "liquidity_usd": 2102130.014775445,
  "total_sol": 7536205.897384665,
  "total_usd": 966477480.2198368,
  "self_staked_sol": 1214034.725192254,
  "self_staked_usd": 155693360.5689279,
  "standard_staked_sol": 3793800.101133554,
  "standard_staked_usd": 486534260.359549,
  "total_virtual_staked_sol": 4966459.632140632,
  "total_virtual_staked_usd": 636921476.9663577,
  "marinade_native_stake_sol": 2511979.499668268,
  "marinade_native_stake_usd": 322147729.27658445
}