{
  "staked_sol": 5443290.768550304,
  "staked_usd": 1162198834.189193,
  "msol_directed_stake_sol": 1088658.1537100608,
  "msol_directed_stake_msol": 247442.55415411154,
  "liquidity_sol": 13925.34465131,
  "liquidity_usd": 2973204.998149574,
  "total_sol": 8637788.531558203,
  "total_usd": 1844257120.9590807,
  "self_staked_sol": 1214034.725192254,
  "self_staked_usd": 259208960.58606276,
  "standard_staked_sol": 4229256.04335805,
  "standard_staked_usd": 902989873.6031305,
  "total_virtual_staked_sol": 5410742.461136978,
  "total_virtual_staked_usd": 1155249434.1775026,
  "marinade_native_stake_sol": 3180572.418356588,
  "marinade_native_stake_usd": 679085081.7717379
}