{
  "rewards_mev": [
    [
      898,
      2005.4537117380003
    ],
    [
      897,
      2439.466274895
    ],
    [
      896,
      2442.28605401
    ],
    [
      895,
      2410.298571012
    ],
    [
      894,
      2409.434668762
    ],
    [
      893,
      3304.455261052
    ],
    [
      892,
      2440.134739801
    ],
    [
      891,
      2141.831021201
    ],
    [
      890,
      2142.026959654
    ],
    [
      889,
      3350.296553055
    ]
  ],
  "rewards_inflation_est": [
    [
      899,
      138504.7066043439
    ],
    [
      898,
      138597.19024773684
    ],
    [
      897,
      138689.69337937832
    ],
    [
      896,
      138782.24419403277
    ],
    [
      895,
      138874.8280176769
    ],
    [
      894,
      138967.4428548693
    ],
    [
      893,
      139060.09278016732
    ],
    [
      892,
      139152.79008945622
    ],
    [
      891,
      139245.5216000804
    ],
    [
      890,
      139338.28497582924
    ]
  ],
  "rewards_jito_priority": [
    [
      898,
      10.313964431
    ],
    [
      897,
      23.48222491
    ],
    [
      896,
      12.799870691
    ],
    [
      895,
      14.564877714
    ],
    [
      894,
      10.34814276
    ],
    [
      893,
      15.949242169
    ],
    [
      892,
      15.388180977
    ],
    [
      891,
      14.867575598
    ],
    [
      890,
      12.653364995
    ],
    [
      889,
      25.052262895
    ]
  ],
  "rewards_block": [
    [
      899,
      7551.557504606
    ],
    [
      898,
      6231.245961237
    ],
    [
      897,
      6961.306266735
    ],
    [
      896,
      7218.881120325
    ],
    [
      895,
      6951.414971513
    ],
    [
      894,
      6461.273993649
    ],
    [
      893,
      9138.790631762
    ],
    [
      892,
      8634.638211225
    ],
    [
      891,
      7678.736874594001
    ],
    [
      890,
      7259.006304262
    ]
  ]
}