{
  "staked_sol": 5380670.764723915,
  "staked_usd": 810456036.509896,
  "msol_directed_stake_sol": 1076134.152944783,
  "msol_directed_stake_msol": 519797.3372909908,
  "liquidity_sol": 16274.417610562,
  "liquidity_usd": 2451311.475817403,
  "total_sol": 7899890.172729842,
  "total_usd": 1189909949.5604658,
  "self_staked_sol": 1214034.725192254,
  "self_staked_usd": 182862288.84609714,
  "standard_staked_sol": 4166636.039531661,
  "standard_staked_usd": 627593747.6637989,
  "total_virtual_staked_sol": 5307066.453880381,
  "total_virtual_staked_usd": 799369489.7493354,
  "marinade_native_stake_sol": 2502944.990395365,
  "marinade_native_stake_usd": 377002601.57475215
}