{
  "staked_sol": 5533391.848944182,
  "staked_usd": 1266144085.9038882,
  "msol_directed_stake_sol": 1106678.3697888365,
  "msol_directed_stake_msol": 429804.80387304706,
  "liquidity_sol": 14045.025299526,
  "liquidity_usd": 3213765.842872394,
  "total_sol": 8619350.118909016,
  "total_usd": 1972269355.8154545,
  "self_staked_sol": 1214034.725192254,
  "self_staked_usd": 277793969.65668076,
  "standard_staked_sol": 4319357.123751928,
  "standard_staked_usd": 988350116.2472076,
  "total_virtual_staked_sol": 5500979.644925104,
  "total_virtual_staked_usd": 1258727564.256737,
  "marinade_native_stake_sol": 3071913.244665309,
  "marinade_native_stake_usd": 702911504.0686938
}