{
  "staked_sol": 5369827.805913699,
  "staked_usd": 697184479.6088157,
  "msol_directed_stake_sol": 1073965.56118274,
  "msol_directed_stake_msol": 651417.1409169061,
  "liquidity_sol": 17649.286775563,
  "liquidity_usd": 2291471.7679655515,
  "total_sol": 7894773.702889944,
  "total_usd": 1025007485.2711484,
  "self_staked_sol": 1214034.725192254,
  "self_staked_usd": 157622590.27711478,
  "standard_staked_sol": 4155793.080721445,
  "standard_staked_usd": 539561889.3317009,
  "total_virtual_staked_sol": 5269902.46572958,
  "total_virtual_staked_usd": 684210805.4401065,
  "marinade_native_stake_sol": 2507296.610200682,
  "marinade_native_stake_usd": 325531533.8943671
}