{
  "staked_sol": 4996506.683132468,
  "staked_usd": 643824642.4132115,
  "msol_directed_stake_sol": 999301.3366264936,
  "msol_directed_stake_msol": 524033.6969299818,
  "liquidity_sol": 16386.979027516,
  "liquidity_usd": 2111543.4405881637,
  "total_sol": 7525157.848590817,
  "total_usd": 969653873.8410224,
  "self_staked_sol": 1214034.725192254,
  "self_staked_usd": 156434389.54315552,
  "standard_staked_sol": 3782471.957940214,
  "standard_staked_usd": 487390252.870056,
  "total_virtual_staked_sol": 4953786.805921439,
  "total_virtual_staked_usd": 638319974.5695404,
  "marinade_native_stake_sol": 2512264.186430833,
  "marinade_native_stake_usd": 323717687.9872226
}