{
  "staked_sol": 5012031.520951696,
  "staked_usd": 639190767.9517448,
  "msol_directed_stake_sol": 1002406.3041903392,
  "msol_directed_stake_msol": 521302.3844635255,
  "liquidity_sol": 16395.533524388,
  "liquidity_usd": 2090943.2872924553,
  "total_sol": 7543572.831262497,
  "total_usd": 962041457.8316584,
  "self_staked_sol": 1214034.725192254,
  "self_staked_usd": 154827395.85172716,
  "standard_staked_sol": 3797996.795759442,
  "standard_staked_usd": 484363372.10001767,
  "total_virtual_staked_sol": 4973340.92217594,
  "total_virtual_staked_usd": 634256506.5767701,
  "marinade_native_stake_sol": 2515145.776786413,
  "marinade_native_stake_usd": 320759746.5926211
}