{
  "rewards_mev": [
    [
      933,
      3768.7434184469994
    ],
    [
      932,
      4014.5945012820002
    ],
    [
      931,
      4193.670254633
    ],
    [
      930,
      3492.719160771
    ],
    [
      929,
      3822.344685399
    ],
    [
      928,
      4316.122648949
    ],
    [
      927,
      3442.380722409
    ],
    [
      926,
      2708.307308719
    ],
    [
      925,
      3485.215919965
    ],
    [
      924,
      4211.860144729
    ]
  ],
  "rewards_inflation_est": [
    [
      934,
      135288.1958417843
    ],
    [
      933,
      135379.52563363133
    ],
    [
      932,
      135470.89059232327
    ],
    [
      931,
      135562.29368881
    ],
    [
      930,
      135653.72051699352
    ],
    [
      929,
      135745.1721891789
    ],
    [
      928,
      135836.6549382989
    ],
    [
      927,
      135928.1733019368
    ],
    [
      926,
      136019.7320104757
    ],
    [
      925,
      136111.30229840538
    ]
  ],
  "rewards_jito_priority": [
    [
      933,
      15.804738449
    ],
    [
      932,
      16.394563544
    ],
    [
      931,
      23.546164153
    ],
    [
      930,
      14.982698563
    ],
    [
      929,
      15.923616066
    ],
    [
      928,
      17.113280931
    ],
    [
      927,
      14.933577004
    ],
    [
      926,
      12.357350658
    ],
    [
      925,
      20.718665732
    ],
    [
      924,
      15.928289779
    ]
  ],
  "rewards_block": [
    [
      933,
      15114.698599216
    ],
    [
      932,
      16315.052939846
    ],
    [
      931,
      16729.009197354
    ],
    [
      930,
      14357.245107915
    ],
    [
      929,
      15293.363188715
    ],
    [
      928,
      17550.830730571
    ],
    [
      927,
      14296.58531872
    ],
    [
      926,
      11798.591023355
    ],
    [
      925,
      14286.426785115
    ],
    [
      924,
      15151.934412262
    ]
  ]
}