{
  "rewards_mev": [
    [
      689,
      45789.526129088
    ],
    [
      688,
      65294.078444475
    ],
    [
      687,
      49788.890680849
    ],
    [
      686,
      48918.516226688
    ],
    [
      685,
      40467.506010665
    ],
    [
      684,
      34397.744711247
    ],
    [
      683,
      25867.839348556
    ],
    [
      682,
      20561.361189116
    ],
    [
      681,
      19832.352549926
    ],
    [
      680,
      18942.427135714
    ]
  ],
  "rewards_inflation_est": [
    [
      690,
      158887.62547418624
    ],
    [
      689,
      158992.3835323441
    ],
    [
      688,
      159095.57572634242
    ],
    [
      687,
      159202.5259395595
    ],
    [
      686,
      159308.30438174287
    ],
    [
      685,
      159412.35528627565
    ],
    [
      684,
      159515.7422132234
    ],
    [
      683,
      159618.62079021992
    ],
    [
      682,
      159720.72628012128
    ],
    [
      681,
      159822.3049926178
    ]
  ]
}