{
  "staked_sol": 5402579.473564645,
  "staked_usd": 947196975.9531679,
  "msol_directed_stake_sol": 1080515.8947129291,
  "msol_directed_stake_msol": 480964.9646504093,
  "liquidity_sol": 14747.135305801,
  "liquidity_usd": 2585513.4633328156,
  "total_sol": 8218095.155313312,
  "total_usd": 1440821910.588597,
  "self_staked_sol": 1214034.725192254,
  "self_staked_usd": 212848330.32645968,
  "standard_staked_sol": 4188544.748372391,
  "standard_staked_usd": 734348645.6267081,
  "total_virtual_staked_sol": 5371891.767373157,
  "total_virtual_staked_usd": 941816712.2021677,
  "marinade_native_stake_sol": 2800768.546442866,
  "marinade_native_stake_usd": 491039421.1720963
}