{
  "rewards_mev": [
    [
      886,
      2187.535931303
    ],
    [
      885,
      2389.622292865
    ],
    [
      884,
      1971.831625866
    ],
    [
      883,
      2383.474340989
    ],
    [
      882,
      2661.743605133
    ],
    [
      881,
      2690.854513319
    ],
    [
      880,
      2096.557828823
    ],
    [
      879,
      2959.060986957
    ],
    [
      878,
      3936.417926043
    ],
    [
      877,
      3041.617553032
    ]
  ],
  "rewards_inflation_est": [
    [
      887,
      139616.7736558726
    ],
    [
      886,
      139709.66631831916
    ],
    [
      885,
      139802.60038667146
    ],
    [
      884,
      139895.56792329033
    ],
    [
      883,
      139988.57645176438
    ],
    [
      882,
      140081.6205734233
    ],
    [
      881,
      140174.7064297958
    ],
    [
      880,
      140267.81719741318
    ],
    [
      879,
      140360.9440717118
    ],
    [
      878,
      140454.12468288798
    ]
  ],
  "rewards_jito_priority": [
    [
      886,
      12.457953776
    ],
    [
      885,
      13.334489322
    ],
    [
      884,
      9.389316386
    ],
    [
      883,
      11.806498762
    ],
    [
      882,
      10.077849438
    ],
    [
      881,
      12.95512919
    ],
    [
      880,
      9.089054647
    ],
    [
      879,
      10.511726389
    ],
    [
      878,
      18.442747437
    ],
    [
      877,
      10.936569617
    ]
  ],
  "rewards_block": [
    [
      887,
      6752.743196837
    ],
    [
      886,
      6878.903252128
    ],
    [
      885,
      7270.127062471
    ],
    [
      884,
      5812.93395448
    ],
    [
      883,
      6681.846717794
    ],
    [
      882,
      7275.460521882
    ],
    [
      881,
      7171.216446798
    ],
    [
      880,
      6296.15111304
    ],
    [
      879,
      7494.8471023619995
    ],
    [
      878,
      9273.709695053
    ]
  ]
}