{
  "rewards_mev": [
    [
      819,
      23494.54435796
    ],
    [
      818,
      22266.679622107
    ],
    [
      817,
      16319.299911922
    ],
    [
      816,
      13031.072560828
    ],
    [
      815,
      16778.955567092
    ],
    [
      814,
      17503.795082994
    ],
    [
      813,
      16860.234600306
    ],
    [
      812,
      13960.891440603
    ],
    [
      811,
      16704.644505246
    ],
    [
      810,
      14390.943842846
    ]
  ],
  "rewards_inflation_est": [
    [
      820,
      145916.53977609516
    ],
    [
      819,
      146011.6896703736
    ],
    [
      818,
      146106.91217221486
    ],
    [
      817,
      146202.1325903671
    ],
    [
      816,
      146297.39107594144
    ],
    [
      815,
      146392.67085910263
    ],
    [
      814,
      146486.83932838993
    ],
    [
      813,
      146583.3309493527
    ],
    [
      812,
      146678.7098997702
    ],
    [
      811,
      146774.0997135568
    ]
  ],
  "rewards_jito_priority": [
    [
      819,
      49.746025971
    ],
    [
      818,
      43.162569483
    ],
    [
      817,
      35.389925044
    ],
    [
      816,
      29.034331133
    ],
    [
      815,
      40.696360926
    ]
  ]
}