{
  "staked_sol": 4886315.836415522,
  "staked_usd": 674877501.8143154,
  "msol_directed_stake_sol": 977263.1672831044,
  "msol_directed_stake_msol": 128980.6093237818,
  "liquidity_sol": 10166.343836869,
  "liquidity_usd": 1404132.8806622124,
  "total_sol": 9329207.4620937,
  "total_usd": 1288511106.6713006,
  "self_staked_sol": 1214034.725192254,
  "self_staked_usd": 167677397.42640406,
  "standard_staked_sol": 3672281.111223268,
  "standard_staked_usd": 507200104.38791144,
  "total_virtual_staked_sol": 4849958.551283162,
  "total_virtual_staked_usd": 669855985.6896278,
  "marinade_native_stake_sol": 4432725.281841309,
  "marinade_native_stake_usd": 612229471.976323
}