{
  "staked_sol": 4947810.409190563,
  "staked_usd": 694737895.4669645,
  "msol_directed_stake_sol": 989562.0818381126,
  "msol_directed_stake_msol": 78569.7871960705,
  "liquidity_sol": 9668.208815479,
  "liquidity_usd": 1357544.1437538592,
  "total_sol": 11099910.469793295,
  "total_usd": 1558573955.326127,
  "self_staked_sol": 1214034.725192254,
  "self_staked_usd": 170466501.3916455,
  "standard_staked_sol": 3733775.683998309,
  "standard_staked_usd": 524271394.07531905,
  "total_virtual_staked_sol": 4916459.91528472,
  "total_virtual_staked_usd": 690335872.2775679,
  "marinade_native_stake_sol": 5301136.954341797,
  "marinade_native_stake_usd": 744349606.5250565,
  "marinade_select_stake_sol": 841294.897445458,
  "marinade_select_stake_usd": 118128909.19035257
}