{
  "staked_sol": 5423741.996548702,
  "staked_usd": 734079766.4159082,
  "msol_directed_stake_sol": 1084748.3993097404,
  "msol_directed_stake_msol": 713308.2013697387,
  "liquidity_sol": 18325.795969318,
  "liquidity_usd": 2480316.3633341813,
  "total_sol": 7996103.054522435,
  "total_usd": 1082237589.1472132,
  "self_staked_sol": 1214034.725192254,
  "self_staked_usd": 164314292.24639165,
  "standard_staked_sol": 4209707.271356448,
  "standard_staked_usd": 569765474.1695166,
  "total_virtual_staked_sol": 5391830.228900557,
  "total_virtual_staked_usd": 729760648.1842564,
  "marinade_native_stake_sol": 2554035.262004415,
  "marinade_native_stake_usd": 345677506.3679707
}