{
  "staked_sol": 4857002.114367361,
  "staked_usd": 657871257.1629655,
  "msol_directed_stake_sol": 971400.4228734723,
  "msol_directed_stake_msol": 133218.1160550033,
  "liquidity_sol": 10199.929972698,
  "liquidity_usd": 1381560.1879734974,
  "total_sol": 9304205.317129575,
  "total_usd": 1260236068.4126768,
  "self_staked_sol": 1214034.725192254,
  "self_staked_usd": 164438584.15032905,
  "standard_staked_sol": 3642967.389175107,
  "standard_staked_usd": 493432673.01263636,
  "total_virtual_staked_sol": 4815246.742874681,
  "total_virtual_staked_usd": 652215575.3060565,
  "marinade_native_stake_sol": 4437003.272789515,
  "marinade_native_stake_usd": 600983251.0617377
}