{
  "staked_sol": 2613146.912791106,
  "staked_usd": 174296878.80514672,
  "msol_directed_stake_sol": 522629.38255822123,
  "msol_directed_stake_msol": 26613.187090073487,
  "liquidity_sol": 7537.101172663,
  "liquidity_usd": 502724.58972871705,
  "total_sol": 6754634.894045874,
  "total_usd": 450534095.01689297,
  "self_staked_sol": 1214034.725192254,
  "self_staked_usd": 80976106.74941388,
  "standard_staked_sol": 1399112.187598852,
  "standard_staked_usd": 93320772.05573285,
  "total_virtual_staked_sol": 2582974.137013873,
  "total_virtual_staked_usd": 172284354.89494604,
  "marinade_native_stake_sol": 2697471.083848655,
  "marinade_native_stake_usd": 179921300.3603297,
  "marinade_select_stake_sol": 1149454.511689368,
  "marinade_select_stake_usd": 76668607.00991383,
  "recipe_usdg_sol": 287025.284544082,
  "recipe_usdg_usd": 19144584.25177406
}