{
  "staked_sol": 4062458.617456912,
  "staked_usd": 566753435.9731022,
  "msol_directed_stake_sol": 812491.7234913824,
  "msol_directed_stake_msol": 28664.369932921472,
  "liquidity_sol": 8436.687215537,
  "liquidity_usd": 1177001.8892227286,
  "total_sol": 10305899.623502951,
  "total_usd": 1437775635.9941921,
  "self_staked_sol": 1214034.725192254,
  "self_staked_usd": 169369934.97895455,
  "standard_staked_sol": 2848423.892264658,
  "standard_staked_usd": 397383500.99414766,
  "total_virtual_staked_sol": 4016114.724451608,
  "total_virtual_staked_usd": 560288001.3507631,
  "marinade_native_stake_sol": 3244244.394179181,
  "marinade_native_stake_usd": 452604403.06676626,
  "marinade_select_stake_sol": 2990759.924651322,
  "marinade_select_stake_usd": 417240795.06510097
}