{
  "staked_sol": 5100584.392150602,
  "staked_usd": 747911322.4464536,
  "msol_directed_stake_sol": 1020116.8784301205,
  "msol_directed_stake_msol": 590098.6709381167,
  "liquidity_sol": 17587.759752572,
  "liquidity_usd": 2578936.7735312325,
  "total_sol": 7590037.382285194,
  "total_usd": 1112945980.2172656,
  "self_staked_sol": 1214034.725192254,
  "self_staked_usd": 178016918.65186685,
  "standard_staked_sol": 3886549.666958348,
  "standard_staked_usd": 569894403.7945867,
  "total_virtual_staked_sol": 5048902.82597129,
  "total_virtual_staked_usd": 740333126.3937114,
  "marinade_native_stake_sol": 2471865.23038202,
  "marinade_native_stake_usd": 362455720.9972809
}