{
  "staked_sol": 5394150.64852309,
  "staked_usd": 1128924830.4512906,
  "msol_directed_stake_sol": 1078830.1297046181,
  "msol_directed_stake_msol": 255300.19781936525,
  "liquidity_sol": 10217.543723946,
  "liquidity_usd": 2138397.602844594,
  "total_sol": 10147293.445747763,
  "total_usd": 2123695142.9817395,
  "self_staked_sol": 1214034.725192254,
  "self_staked_usd": 254081510.8074336,
  "standard_staked_sol": 4180115.923330836,
  "standard_staked_usd": 874843319.643857,
  "total_virtual_staked_sol": 5303485.256958646,
  "total_virtual_staked_usd": 1109949755.6955059,
  "marinade_native_stake_sol": 4742925.253500726,
  "marinade_native_stake_usd": 992631914.927604
}