{
  "rewards_mev": [
    [
      639,
      12469.216493658
    ],
    [
      638,
      12011.651929267
    ],
    [
      633,
      13434.936033259
    ],
    [
      632,
      15419.479012658
    ],
    [
      631,
      19167.406784027
    ],
    [
      630,
      18569.821360541
    ],
    [
      629,
      12258.223992519
    ],
    [
      628,
      23293.816760142
    ],
    [
      627,
      23343.109881926
    ],
    [
      626,
      28971.851875726
    ]
  ],
  "rewards_inflation_est": [
    [
      639,
      164086.72092818635
    ],
    [
      638,
      164189.68718137755
    ],
    [
      637,
      164292.33545317248
    ],
    [
      636,
      164395.4660400609
    ],
    [
      635,
      164498.64133518713
    ],
    [
      634,
      164603.18608843855
    ],
    [
      633,
      164706.32494656768
    ],
    [
      632,
      164809.0906114766
    ],
    [
      631,
      164912.24873606698
    ],
    [
      630,
      165016.3982186467
    ]
  ]
}