{
  "staked_sol": 5423861.892977394,
  "staked_usd": 734402085.6140893,
  "msol_directed_stake_sol": 1084772.3785954788,
  "msol_directed_stake_msol": 713308.2013697382,
  "liquidity_sol": 18327.410345369,
  "liquidity_usd": 2481569.1562816733,
  "total_sol": 7996218.560145814,
  "total_usd": 1082704483.1655066,
  "self_staked_sol": 1214034.725192254,
  "self_staked_usd": 164382805.42200285,
  "standard_staked_sol": 4209827.16778514,
  "standard_staked_usd": 570019280.1920863,
  "total_virtual_staked_sol": 5391950.125329249,
  "total_virtual_staked_usd": 730081166.4648067,
  "marinade_native_stake_sol": 2554029.256823051,
  "marinade_native_stake_usd": 345820828.39513564
}