{
  "staked_sol": 5339257.097432417,
  "staked_usd": 759472167.7146122,
  "msol_directed_stake_sol": 1067851.4194864833,
  "msol_directed_stake_msol": 718669.9927314264,
  "liquidity_sol": 18338.508271354,
  "liquidity_usd": 2608525.1890558284,
  "total_sol": 7910658.879876605,
  "total_usd": 1125236177.6022866,
  "self_staked_sol": 1214034.725192254,
  "self_staked_usd": 172687991.53087524,
  "standard_staked_sol": 4125222.372240163,
  "standard_staked_usd": 586784176.183737,
  "total_virtual_staked_sol": 5377925.528722768,
  "total_virtual_staked_usd": 764972482.9828784,
  "marinade_native_stake_sol": 2553063.274172834,
  "marinade_native_stake_usd": 363155484.6986184
}