{
  "staked_sol": 5425385.298617677,
  "staked_usd": 734944926.7562736,
  "msol_directed_stake_sol": 1085077.0597235353,
  "msol_directed_stake_msol": 713308.2013697386,
  "liquidity_sol": 18332.837536239,
  "liquidity_usd": 2483441.3039270695,
  "total_sol": 7997766.02408898,
  "total_usd": 1083410161.907858,
  "self_staked_sol": 1214034.725192254,
  "self_staked_usd": 164458119.2073728,
  "standard_staked_sol": 4211350.573425423,
  "standard_staked_usd": 570486807.5489008,
  "total_virtual_staked_sol": 5393473.53106953,
  "total_virtual_staked_usd": 730622027.9440341,
  "marinade_native_stake_sol": 2554047.887935064,
  "marinade_native_stake_usd": 345981793.84765714
}