{
  "staked_sol": 4077855.400135419,
  "staked_usd": 565700048.6704891,
  "msol_directed_stake_sol": 815571.0800270839,
  "msol_directed_stake_msol": 28921.880080935473,
  "liquidity_sol": 8438.89658123,
  "liquidity_usd": 1170685.014129854,
  "total_sol": 10445582.240554368,
  "total_usd": 1449062264.8554366,
  "self_staked_sol": 1214034.725192254,
  "self_staked_usd": 168416835.748054,
  "standard_staked_sol": 2863820.674943165,
  "standard_staked_usd": 397283212.9224351,
  "total_virtual_staked_sol": 4036616.799054903,
  "total_virtual_staked_usd": 559979228.2025598,
  "marinade_native_stake_sol": 3245304.477733627,
  "marinade_native_stake_usd": 450204512.14221644,
  "marinade_select_stake_sol": 3113983.466104093,
  "marinade_select_stake_usd": 431987019.0286013
}