{
  "staked_sol": 5459670.142290796,
  "staked_usd": 929709572.3396364,
  "msol_directed_stake_sol": 1091934.0284581592,
  "msol_directed_stake_msol": 169165.5518415079,
  "liquidity_sol": 9721.027334492,
  "liquidity_usd": 1655362.307668715,
  "total_sol": 10865327.744536772,
  "total_usd": 1850221523.907814,
  "self_staked_sol": 1214034.725192254,
  "self_staked_usd": 206734047.2496701,
  "standard_staked_sol": 4245635.417098542,
  "standard_staked_usd": 722975525.0899663,
  "total_virtual_staked_sol": 5428387.784791607,
  "total_virtual_staked_usd": 924382600.846054,
  "marinade_native_stake_sol": 5395936.574911484,
  "marinade_native_stake_usd": 918856589.2605088
}