{
  "staked_sol": 4706970.170137134,
  "staked_usd": 954157366.6969862,
  "msol_directed_stake_sol": 941394.034027427,
  "msol_directed_stake_msol": 38353.80733508768,
  "liquidity_sol": 9400.767131745,
  "liquidity_usd": 1905644.371461156,
  "total_sol": 10622094.66749308,
  "total_usd": 2153221607.6155877,
  "self_staked_sol": 1214034.725192254,
  "self_staked_usd": 246098898.99395552,
  "standard_staked_sol": 3492935.44494488,
  "standard_staked_usd": 708058467.7030306,
  "total_virtual_staked_sol": 4665747.530779347,
  "total_virtual_staked_usd": 945801060.2841116,
  "marinade_native_stake_sol": 5046587.993291836,
  "marinade_native_stake_usd": 1023001832.693509,
  "marinade_select_stake_sol": 859135.736932365,
  "marinade_select_stake_usd": 174156763.85363138
}