{
  "staked_sol": 4931866.652583529,
  "staked_usd": 623008837.771346,
  "msol_directed_stake_sol": 986373.3305167059,
  "msol_directed_stake_msol": 128337.50702141091,
  "liquidity_sol": 10144.346595884,
  "liquidity_usd": 1281465.6250571369,
  "total_sol": 9319211.349082025,
  "total_usd": 1177231957.0918887,
  "self_staked_sol": 1214034.725192254,
  "self_staked_usd": 153360667.76255393,
  "standard_staked_sol": 3717831.927391275,
  "standard_staked_usd": 469648170.00879204,
  "total_virtual_staked_sol": 4854474.123016607,
  "total_virtual_staked_usd": 613232371.1119292,
  "marinade_native_stake_sol": 4377200.349902612,
  "marinade_native_stake_usd": 552941653.6954856
}