{
  "rewards_mev": [
    [
      808,
      15417.524213702
    ],
    [
      807,
      14257.747094243
    ],
    [
      806,
      11843.337981638
    ],
    [
      805,
      13081.645463727
    ],
    [
      804,
      13328.517875253
    ],
    [
      803,
      15015.054893227
    ],
    [
      802,
      11295.098127522
    ],
    [
      801,
      13847.381695747
    ],
    [
      800,
      13739.649165519
    ],
    [
      799,
      10139.312217074
    ]
  ],
  "rewards_inflation_est": [
    [
      809,
      146964.98757934585
    ],
    [
      808,
      147060.4723287485
    ],
    [
      807,
      147156.0076091395
    ],
    [
      806,
      147251.56494355758
    ],
    [
      805,
      147347.15364337727
    ],
    [
      804,
      147442.76897442152
    ],
    [
      803,
      147538.4204805731
    ],
    [
      802,
      147634.1038133571
    ],
    [
      801,
      147729.81187255154
    ],
    [
      800,
      147825.56400880302
    ]
  ]
}