{
  "staked_sol": 5404151.705974708,
  "staked_usd": 946240335.7313875,
  "msol_directed_stake_sol": 1080830.3411949417,
  "msol_directed_stake_msol": 483089.0272401276,
  "liquidity_sol": 14820.280973332,
  "liquidity_usd": 2594958.1741635874,
  "total_sol": 8141878.824115468,
  "total_usd": 1425602864.4602506,
  "self_staked_sol": 1214034.725192254,
  "self_staked_usd": 212571498.44358152,
  "standard_staked_sol": 4190116.980782454,
  "standard_staked_usd": 733668837.2878059,
  "total_virtual_staked_sol": 5314156.528019347,
  "total_virtual_staked_usd": 930482623.506444,
  "marinade_native_stake_sol": 2722906.837167428,
  "marinade_native_stake_usd": 476767570.55469966
}