{
  "staked_sol": 4979899.860948767,
  "staked_usd": 677128739.6946146,
  "msol_directed_stake_sol": 995979.9721897533,
  "msol_directed_stake_msol": 526804.8616708913,
  "liquidity_sol": 16386.804633708,
  "liquidity_usd": 2228152.5089001637,
  "total_sol": 7509993.511998199,
  "total_usd": 1021151545.9921795,
  "self_staked_sol": 1214034.725192254,
  "self_staked_usd": 165075167.4469034,
  "standard_staked_sol": 3765865.135756513,
  "standard_staked_usd": 512053572.24771124,
  "total_virtual_staked_sol": 4938911.726060707,
  "total_virtual_staked_usd": 671555486.236884,
  "marinade_native_stake_sol": 2513706.846415724,
  "marinade_native_stake_usd": 341794653.78866476
}