{
  "staked_sol": 4629004.639014423,
  "staked_usd": 947214632.0688739,
  "msol_directed_stake_sol": 925800.9278028846,
  "msol_directed_stake_msol": 35913.27039067476,
  "liquidity_sol": 9380.385635372,
  "liquidity_usd": 1919470.6467532997,
  "total_sol": 10483677.245137837,
  "total_usd": 2145232778.724619,
  "self_staked_sol": 1214034.725192254,
  "self_staked_usd": 248423051.00533608,
  "standard_staked_sol": 3414969.913822169,
  "standard_staked_usd": 698791581.0635378,
  "total_virtual_staked_sol": 4596323.863043277,
  "total_virtual_staked_usd": 940527296.1076325,
  "marinade_native_stake_sol": 4985121.447767282,
  "marinade_native_stake_usd": 1020085384.69966,
  "marinade_select_stake_sol": 860170.772720758,
  "marinade_select_stake_usd": 176013291.30933133
}