{
  "rewards_mev": [
    [
      693,
      40910.087715062
    ],
    [
      692,
      36953.192269837
    ],
    [
      691,
      44057.703482962
    ],
    [
      689,
      45789.526129088
    ],
    [
      688,
      65294.078444475
    ],
    [
      687,
      49788.890680849
    ],
    [
      686,
      48918.516226688
    ],
    [
      685,
      40467.506010665
    ],
    [
      684,
      34397.744711247
    ],
    [
      683,
      25867.839348556
    ]
  ],
  "rewards_inflation_est": [
    [
      694,
      158472.30898607263
    ],
    [
      693,
      158577.09925763746
    ],
    [
      692,
      158680.62683562492
    ],
    [
      691,
      158783.9139995686
    ],
    [
      690,
      158887.62547418624
    ],
    [
      689,
      158992.3835323441
    ],
    [
      688,
      159095.57572634242
    ],
    [
      687,
      159202.5259395595
    ],
    [
      686,
      159308.30438174287
    ],
    [
      685,
      159412.35528627565
    ]
  ]
}