{
  "staked_sol": 5471872.48610152,
  "staked_usd": 1094653993.4628973,
  "msol_directed_stake_sol": 1094374.497220304,
  "msol_directed_stake_msol": 471654.5374096964,
  "liquidity_sol": 14732.085401284,
  "liquidity_usd": 2947169.5763220284,
  "total_sol": 8197183.728961532,
  "total_usd": 1639855447.4447865,
  "self_staked_sol": 1214034.725192254,
  "self_staked_usd": 242868956.37824914,
  "standard_staked_sol": 4257837.760909266,
  "standard_staked_usd": 851785037.084648,
  "total_virtual_staked_sol": 5417841.116562375,
  "total_virtual_staked_usd": 1083844959.7018723,
  "marinade_native_stake_sol": 2710579.157458728,
  "marinade_native_stake_usd": 542254284.4055673
}