{
  "rewards_mev": [
    [
      787,
      42757.323374113
    ],
    [
      786,
      48005.058386919
    ],
    [
      785,
      24255.243517233
    ],
    [
      784,
      27031.33795671
    ],
    [
      783,
      26807.991423344
    ],
    [
      782,
      24790.179805166
    ],
    [
      781,
      22861.795868875
    ],
    [
      780,
      34458.42740612
    ],
    [
      779,
      28160.981905951
    ],
    [
      778,
      24700.200120584
    ]
  ],
  "rewards_inflation_est": [
    [
      788,
      148976.8340665781
    ],
    [
      787,
      149072.96999991956
    ],
    [
      786,
      149169.1432021296
    ],
    [
      785,
      149265.34699780983
    ],
    [
      784,
      149361.60198242278
    ],
    [
      783,
      149457.8819064529
    ],
    [
      782,
      149554.19861826877
    ],
    [
      781,
      149650.5313401359
    ],
    [
      780,
      149746.88878046055
    ],
    [
      779,
      149843.2918901536
    ]
  ]
}