{
  "staked_sol": 5395452.319828825,
  "staked_usd": 933432991.024335,
  "msol_directed_stake_sol": 1079090.463965765,
  "msol_directed_stake_msol": 170345.4528132839,
  "liquidity_sol": 9722.492225229,
  "liquidity_usd": 1682026.7254802224,
  "total_sol": 10771909.326041132,
  "total_usd": 1863579723.297138,
  "self_staked_sol": 1214034.725192254,
  "self_staked_usd": 210032449.10142484,
  "standard_staked_sol": 4181417.594636571,
  "standard_staked_usd": 723400541.9229102,
  "total_virtual_staked_sol": 5329938.474317455,
  "total_virtual_staked_usd": 922098856.0632231,
  "marinade_native_stake_sol": 5366734.513987078,
  "marinade_native_stake_usd": 928464705.5473228
}