{
  "staked_sol": 5423862.586212076,
  "staked_usd": 732279409.9444308,
  "msol_directed_stake_sol": 1084772.5172424153,
  "msol_directed_stake_msol": 713308.2013697395,
  "liquidity_sol": 18327.410345369,
  "liquidity_usd": 2474396.248096892,
  "total_sol": 7996220.738866057,
  "total_usd": 1079575249.4407506,
  "self_staked_sol": 1214034.725192254,
  "self_staked_usd": 163907661.39167672,
  "standard_staked_sol": 4209827.861019822,
  "standard_staked_usd": 568371748.552754,
  "total_virtual_staked_sol": 5391950.818663929,
  "total_virtual_staked_usd": 727970980.3079858,
  "marinade_native_stake_sol": 2554030.742308612,
  "marinade_native_stake_usd": 344821443.24822295
}