{
  "rewards_mev": [
    [
      902,
      2898.365360668
    ],
    [
      901,
      2176.761055542
    ],
    [
      900,
      2209.665727257
    ],
    [
      899,
      2793.425473311
    ],
    [
      898,
      2005.4537117380003
    ],
    [
      897,
      2439.466274895
    ],
    [
      896,
      2442.28605401
    ],
    [
      895,
      2410.298571012
    ],
    [
      894,
      2409.434668762
    ],
    [
      893,
      3304.455261052
    ]
  ],
  "rewards_inflation_est": [
    [
      903,
      138135.14111107946
    ],
    [
      902,
      138227.48165197228
    ],
    [
      901,
      138319.85536998385
    ],
    [
      900,
      138412.256724395
    ],
    [
      899,
      138504.7066043439
    ],
    [
      898,
      138597.19024773684
    ],
    [
      897,
      138689.69337937832
    ],
    [
      896,
      138782.24419403277
    ],
    [
      895,
      138874.8280176769
    ],
    [
      894,
      138967.4428548693
    ]
  ],
  "rewards_jito_priority": [
    [
      902,
      17.714089358
    ],
    [
      901,
      11.134917048
    ],
    [
      900,
      12.622721332
    ],
    [
      899,
      16.130983572
    ],
    [
      898,
      10.313964431
    ],
    [
      897,
      23.48222491
    ],
    [
      896,
      12.799870691
    ],
    [
      895,
      14.564877714
    ],
    [
      894,
      10.34814276
    ],
    [
      893,
      15.949242169
    ]
  ],
  "rewards_block": [
    [
      903,
      7610.736684328
    ],
    [
      902,
      8022.896353792
    ],
    [
      901,
      6531.935602243
    ],
    [
      900,
      6226.242272719
    ],
    [
      899,
      7551.557504606
    ],
    [
      898,
      6231.245961237
    ],
    [
      897,
      6961.306266735
    ],
    [
      896,
      7218.881120325
    ],
    [
      895,
      6951.414971513
    ],
    [
      894,
      6461.273993649
    ]
  ]
}