{
  "rewards_mev": [
    [
      929,
      3822.344685399
    ],
    [
      928,
      4316.122648949
    ],
    [
      927,
      3442.380722409
    ],
    [
      926,
      2708.307308719
    ],
    [
      925,
      3485.215919965
    ],
    [
      924,
      4211.860144729
    ],
    [
      923,
      3892.126233234
    ],
    [
      922,
      9486.43627406
    ],
    [
      921,
      7533.811771482001
    ],
    [
      920,
      5809.898434984
    ]
  ],
  "rewards_inflation_est": [
    [
      930,
      135653.72051699352
    ],
    [
      929,
      135745.1721891789
    ],
    [
      928,
      135836.6549382989
    ],
    [
      927,
      135928.1733019368
    ],
    [
      926,
      136019.7320104757
    ],
    [
      925,
      136111.30229840538
    ],
    [
      924,
      136202.93062014127
    ],
    [
      923,
      136294.60245715533
    ],
    [
      922,
      136373.51679908298
    ],
    [
      921,
      136478.0713079214
    ]
  ],
  "rewards_jito_priority": [
    [
      929,
      15.923616066
    ],
    [
      928,
      17.113280931
    ],
    [
      927,
      14.933577004
    ],
    [
      926,
      12.357350658
    ],
    [
      925,
      20.718665732
    ],
    [
      924,
      15.928289779
    ],
    [
      923,
      16.061477575
    ],
    [
      922,
      16.190419574
    ],
    [
      921,
      18.570562057
    ],
    [
      920,
      27.848707317
    ]
  ],
  "rewards_block": [
    [
      929,
      15293.363188715
    ],
    [
      928,
      17550.830730571
    ],
    [
      927,
      14296.58531872
    ],
    [
      926,
      11798.591023355
    ],
    [
      925,
      14286.426785115
    ],
    [
      924,
      15151.934412262
    ],
    [
      923,
      13632.021083668
    ],
    [
      922,
      17929.52439839
    ],
    [
      921,
      17112.020736109
    ],
    [
      920,
      15657.590830007
    ]
  ]
}