{
  "rewards_mev": [
    [
      893,
      3304.455261052
    ],
    [
      892,
      2440.134739801
    ],
    [
      891,
      2141.831021201
    ],
    [
      890,
      2142.026959654
    ],
    [
      889,
      3350.296553055
    ],
    [
      888,
      2595.772364676
    ],
    [
      886,
      2187.535931303
    ],
    [
      885,
      2389.622292865
    ],
    [
      884,
      1971.831625866
    ],
    [
      883,
      2383.474340989
    ]
  ],
  "rewards_inflation_est": [
    [
      894,
      138967.4428548693
    ],
    [
      893,
      139060.09278016732
    ],
    [
      892,
      139152.79008945622
    ],
    [
      891,
      139245.5216000804
    ],
    [
      890,
      139338.28497582924
    ],
    [
      889,
      139431.07260227297
    ],
    [
      888,
      139523.90888036066
    ],
    [
      887,
      139616.7736558726
    ],
    [
      886,
      139709.66631831916
    ],
    [
      885,
      139802.60038667146
    ]
  ],
  "rewards_jito_priority": [
    [
      893,
      15.949242169
    ],
    [
      892,
      15.388180977
    ],
    [
      891,
      14.867575598
    ],
    [
      890,
      12.653364995
    ],
    [
      889,
      25.052262895
    ],
    [
      888,
      13.365126692
    ],
    [
      886,
      12.457953776
    ],
    [
      885,
      13.334489322
    ],
    [
      884,
      9.389316386
    ],
    [
      883,
      11.806498762
    ]
  ],
  "rewards_block": [
    [
      894,
      6461.273993649
    ],
    [
      893,
      9138.790631762
    ],
    [
      892,
      8634.638211225
    ],
    [
      891,
      7678.736874594001
    ],
    [
      890,
      7259.006304262
    ],
    [
      889,
      9645.265187307
    ],
    [
      888,
      7821.121904537999
    ],
    [
      887,
      6752.743196837
    ],
    [
      886,
      6878.903252128
    ],
    [
      885,
      7270.127062471
    ]
  ]
}