{
  "rewards_mev": [
    [
      938,
      4778.58679315
    ],
    [
      937,
      2397.231376912
    ],
    [
      936,
      3027.987938847
    ],
    [
      935,
      3416.597329439
    ],
    [
      934,
      3418.251529301
    ],
    [
      933,
      3768.7434184469994
    ],
    [
      932,
      4014.5945012820002
    ],
    [
      931,
      4193.670254633
    ],
    [
      930,
      3492.719160771
    ],
    [
      929,
      3822.344685399
    ]
  ],
  "rewards_inflation_est": [
    [
      939,
      134832.01095714376
    ],
    [
      938,
      134923.15753207268
    ],
    [
      937,
      135014.34066553338
    ],
    [
      936,
      135105.54329309525
    ],
    [
      935,
      135196.89959575897
    ],
    [
      934,
      135288.1958417843
    ],
    [
      933,
      135379.52563363133
    ],
    [
      932,
      135470.89059232327
    ],
    [
      931,
      135562.29368881
    ],
    [
      930,
      135653.72051699352
    ]
  ],
  "rewards_jito_priority": [
    [
      938,
      13.382321018
    ],
    [
      937,
      14.950966518
    ],
    [
      936,
      14.41530711
    ],
    [
      935,
      15.651574559
    ],
    [
      934,
      16.049960019
    ],
    [
      933,
      15.804738449
    ],
    [
      932,
      16.394563544
    ],
    [
      931,
      23.546164153
    ],
    [
      930,
      14.982698563
    ],
    [
      929,
      15.923616066
    ]
  ],
  "rewards_block": [
    [
      938,
      13312.2144689
    ],
    [
      937,
      12149.623086106
    ],
    [
      936,
      14005.935448964
    ],
    [
      935,
      14597.045260526
    ],
    [
      934,
      14327.511985759
    ],
    [
      933,
      15114.698599216
    ],
    [
      932,
      16315.052939846
    ],
    [
      931,
      16729.009197354
    ],
    [
      930,
      14357.245107915
    ],
    [
      929,
      15293.363188715
    ]
  ]
}