{
  "staked_sol": 4947796.588971925,
  "staked_usd": 701947122.5982467,
  "msol_directed_stake_sol": 989559.317794385,
  "msol_directed_stake_msol": 78569.78719607077,
  "liquidity_sol": 9668.208815479,
  "liquidity_usd": 1371635.0776891236,
  "total_sol": 11101715.081817996,
  "total_usd": 1575007544.7638657,
  "self_staked_sol": 1214034.725192254,
  "self_staked_usd": 172235896.6782277,
  "standard_staked_sol": 3733761.863779671,
  "standard_staked_usd": 529711225.92001903,
  "total_virtual_staked_sol": 4916446.108088487,
  "total_virtual_staked_usd": 697499409.4692854,
  "marinade_native_stake_sol": 5302963.89880922,
  "marinade_native_stake_usd": 752334940.0232657,
  "marinade_select_stake_sol": 841286.385221371,
  "marinade_select_stake_usd": 119353847.06466402
}