{
  "rewards_mev": [
    [
      716,
      28750.672019612
    ],
    [
      715,
      35695.470311571
    ],
    [
      714,
      49435.123398157
    ],
    [
      713,
      45821.029759147
    ],
    [
      712,
      34995.983165031
    ],
    [
      711,
      44346.055789981
    ],
    [
      710,
      49826.942482446
    ],
    [
      709,
      43919.55967458
    ],
    [
      708,
      27781.891984378
    ],
    [
      707,
      38964.814802529
    ]
  ],
  "rewards_inflation_est": [
    [
      717,
      156049.19238724653
    ],
    [
      716,
      156151.4771124069
    ],
    [
      715,
      156253.23721437465
    ],
    [
      714,
      156355.64251874748
    ],
    [
      713,
      156459.3453698393
    ],
    [
      712,
      156563.65514984788
    ],
    [
      711,
      156665.94995180963
    ],
    [
      710,
      156769.08617651908
    ],
    [
      709,
      156872.86579749116
    ],
    [
      708,
      156976.5649252196
    ]
  ]
}