{
  "staked_sol": 5564335.718660634,
  "staked_usd": 1031490971.7112544,
  "msol_directed_stake_sol": 1112867.1437321268,
  "msol_directed_stake_msol": 240765.3420576973,
  "liquidity_sol": 13953.691719445,
  "liquidity_usd": 2586671.2143878527,
  "total_sol": 8671952.068485582,
  "total_usd": 1607566602.3811977,
  "self_staked_sol": 1214034.725192254,
  "self_staked_usd": 225052175.44299987,
  "standard_staked_sol": 4350300.99346838,
  "standard_staked_usd": 806438796.2682545,
  "total_virtual_staked_sol": 5492391.031049668,
  "total_virtual_staked_usd": 1018154196.3106571,
  "marinade_native_stake_sol": 3093662.658105504,
  "marinade_native_stake_usd": 573488959.4555557
}