{
  "rewards_mev": [
    [
      669,
      5702.557070933
    ],
    [
      668,
      5352.843366532
    ],
    [
      667,
      4045.023232715
    ],
    [
      666,
      5720.963317116
    ],
    [
      665,
      6761.039494664
    ],
    [
      664,
      5029.404255054
    ],
    [
      663,
      6656.060606355
    ],
    [
      662,
      7776.278446894
    ],
    [
      661,
      6190.60214125
    ],
    [
      660,
      7477.748816234
    ]
  ],
  "rewards_inflation_est": [
    [
      670,
      160934.37881294562
    ],
    [
      669,
      161034.57784633822
    ],
    [
      668,
      161134.97111533713
    ],
    [
      667,
      161235.3371379527
    ],
    [
      666,
      161335.38942738593
    ],
    [
      665,
      161435.6866564622
    ],
    [
      664,
      161536.18745583325
    ],
    [
      663,
      161636.38971870867
    ],
    [
      662,
      161736.95740578647
    ],
    [
      661,
      161837.64138038052
    ]
  ]
}