{
  "staked_sol": 5019269.77344733,
  "staked_usd": 688728122.4948268,
  "msol_directed_stake_sol": 1003853.954689466,
  "msol_directed_stake_msol": 535166.3471363576,
  "liquidity_sol": 16395.666096704,
  "liquidity_usd": 2249760.7894224348,
  "total_sol": 7537893.142781068,
  "total_usd": 1034325554.5375024,
  "self_staked_sol": 1214034.725192254,
  "self_staked_usd": 166585956.65618253,
  "standard_staked_sol": 3805235.048255076,
  "standard_staked_usd": 522142165.83864427,
  "total_virtual_staked_sol": 4986879.79866361,
  "total_virtual_staked_usd": 684283673.8942637,
  "marinade_native_stake_sol": 2502227.703237034,
  "marinade_native_stake_usd": 343347671.2532533
}