{
  "rewards_mev": [
    [
      872,
      3895.217821621
    ],
    [
      871,
      3335.07914252
    ],
    [
      870,
      1915.8489290719997
    ],
    [
      869,
      2052.19069297
    ],
    [
      868,
      2946.345354179
    ],
    [
      867,
      3535.12429765
    ],
    [
      866,
      2445.936559887
    ],
    [
      865,
      3074.976974787
    ],
    [
      864,
      3368.827418876
    ],
    [
      863,
      3249.216980321
    ]
  ],
  "rewards_inflation_est": [
    [
      873,
      140920.53633316638
    ],
    [
      872,
      141013.9146190769
    ],
    [
      871,
      141107.33922242656
    ],
    [
      870,
      141200.7999846566
    ],
    [
      869,
      141294.27604513662
    ],
    [
      868,
      141387.7893914526
    ],
    [
      867,
      141481.34686626017
    ],
    [
      866,
      141574.94943364908
    ],
    [
      865,
      141668.5663555503
    ],
    [
      864,
      141762.2442308259
    ]
  ],
  "rewards_jito_priority": [
    [
      872,
      12.089019314
    ],
    [
      871,
      13.490427624
    ],
    [
      870,
      8.901337185
    ],
    [
      869,
      8.922125340000001
    ],
    [
      868,
      9.042636572
    ],
    [
      867,
      11.606991687
    ],
    [
      866,
      9.830162829
    ],
    [
      865,
      10.723664574
    ],
    [
      864,
      8.94211724
    ],
    [
      863,
      7.620081374
    ]
  ]
}