{
  "staked_sol": 2437983.781187769,
  "staked_usd": 187177504.44108504,
  "msol_directed_stake_sol": 487596.75623755384,
  "msol_directed_stake_msol": 26937.154447156467,
  "liquidity_sol": 6563.851233729,
  "liquidity_usd": 503943.1775273597,
  "total_sol": 6732330.760131769,
  "total_usd": 516878282.9799982,
  "self_staked_sol": 1214034.725192254,
  "self_staked_usd": 93208163.20426661,
  "standard_staked_sol": 1223949.055995515,
  "standard_staked_usd": 93969341.23681845,
  "total_virtual_staked_sol": 2407874.047452701,
  "total_virtual_staked_usd": 184865813.58267832,
  "marinade_native_stake_sol": 2775040.761638008,
  "marinade_native_stake_usd": 213055233.79348728,
  "marinade_select_stake_sol": 1215359.880266729,
  "marinade_select_stake_usd": 93309902.6915231,
  "recipe_usdg_sol": 297382.485805534,
  "recipe_usdg_usd": 22831698.876375407
}