{
  "staked_sol": 4953233.978799716,
  "staked_usd": 634018025.1540078,
  "msol_directed_stake_sol": 990646.7957599432,
  "msol_directed_stake_msol": 137468.44793326853,
  "liquidity_sol": 10203.806455838,
  "liquidity_usd": 1306095.6227534823,
  "total_sol": 9386281.911417505,
  "total_usd": 1201451808.351237,
  "self_staked_sol": 1214034.725192254,
  "self_staked_usd": 155397443.81736284,
  "standard_staked_sol": 3739199.253607462,
  "standard_staked_usd": 478620581.336645,
  "total_virtual_staked_sol": 4915895.469428994,
  "total_virtual_staked_usd": 629238665.2298162,
  "marinade_native_stake_sol": 4422844.126161949,
  "marinade_native_stake_usd": 566127687.5744755
}