{
  "staked_sol": 5062349.850302171,
  "staked_usd": 869756967.005042,
  "msol_directed_stake_sol": 1012469.9700604342,
  "msol_directed_stake_msol": 145838.56055548033,
  "liquidity_sol": 10205.950567311,
  "liquidity_usd": 1753473.5593783495,
  "total_sol": 9592693.795269918,
  "total_usd": 1648110562.78223,
  "self_staked_sol": 1214034.725192254,
  "self_staked_usd": 208582020.5332089,
  "standard_staked_sol": 3848315.125109917,
  "standard_staked_usd": 661174946.4718331,
  "total_virtual_staked_sol": 5023910.590347487,
  "total_virtual_staked_usd": 863152758.457482,
  "marinade_native_stake_sol": 4520137.994400436,
  "marinade_native_stake_usd": 776600122.2178097
}