{
  "staked_sol": 4642176.394099578,
  "staked_usd": 601851037.162355,
  "msol_directed_stake_sol": 928435.2788199157,
  "msol_directed_stake_msol": 124913.3325475612,
  "liquidity_sol": 9750.967630194,
  "liquidity_usd": 1264197.9716729657,
  "total_sol": 9031245.338241732,
  "total_usd": 1170887082.3170779,
  "self_staked_sol": 1214034.725192254,
  "self_staked_usd": 157397736.85394323,
  "standard_staked_sol": 3428141.668907324,
  "standard_staked_usd": 444453300.3084116,
  "total_virtual_staked_sol": 4579876.749319312,
  "total_virtual_staked_usd": 593773983.9350137,
  "marinade_native_stake_sol": 4379317.97651196,
  "marinade_native_stake_usd": 567771847.1830502
}