{
  "staked_sol": 2530490.663871934,
  "staked_usd": 180955774.96873698,
  "msol_directed_stake_sol": 506098.13277438685,
  "msol_directed_stake_msol": 26729.784658330478,
  "liquidity_sol": 7528.638610337,
  "liquidity_usd": 538374.1001867747,
  "total_sol": 6575234.441727539,
  "total_usd": 470196022.0565957,
  "self_staked_sol": 1214034.725192254,
  "self_staked_usd": 86815809.15219693,
  "standard_staked_sol": 1316455.93867968,
  "standard_staked_usd": 94139965.81654003,
  "total_virtual_staked_sol": 2500396.987771033,
  "total_virtual_staked_usd": 178803771.58131316,
  "marinade_native_stake_sol": 2590025.120006107,
  "marinade_native_stake_usd": 185213093.04578432,
  "marinade_select_stake_sol": 1152218.496503787,
  "marinade_select_stake_usd": 82395321.17029291,
  "recipe_usdg_sol": 294971.522735374,
  "recipe_usdg_usd": 21093458.77159473
}