{
  "staked_sol": 5334622.540647519,
  "staked_usd": 748227703.2981014,
  "msol_directed_stake_sol": 1066924.5081295038,
  "msol_directed_stake_msol": 508950.1348794178,
  "liquidity_sol": 15635.642240297,
  "liquidity_usd": 2193036.263373223,
  "total_sol": 7916938.49301593,
  "total_usd": 1110420214.4848702,
  "self_staked_sol": 1214034.725192254,
  "self_staked_usd": 170279041.7191322,
  "standard_staked_sol": 4120587.815455265,
  "standard_staked_usd": 577948661.5789692,
  "total_virtual_staked_sol": 5278348.375144649,
  "total_virtual_staked_usd": 740334756.9296563,
  "marinade_native_stake_sol": 2566680.310128114,
  "marinade_native_stake_usd": 359999474.92339563
}