{
  "staked_sol": 2840505.275346795,
  "staked_usd": 262287253.40505022,
  "msol_directed_stake_sol": 568101.055069359,
  "msol_directed_stake_msol": 28495.29170642648,
  "liquidity_sol": 7718.532928623,
  "liquidity_usd": 712715.733970182,
  "total_sol": 7125122.54160514,
  "total_usd": 657921264.1609542,
  "self_staked_sol": 1214034.725192254,
  "self_staked_usd": 112101827.92924222,
  "standard_staked_sol": 1626470.550154541,
  "standard_staked_usd": 150185425.47580796,
  "total_virtual_staked_sol": 2809676.742668766,
  "total_virtual_staked_usd": 259440601.00387102,
  "marinade_native_stake_sol": 2840839.448348232,
  "marinade_native_stake_usd": 262318110.3513371,
  "marinade_select_stake_sol": 1171760.287563027,
  "marinade_select_stake_usd": 108198280.82751776,
  "recipe_usdg_sol": 264298.997418463,
  "recipe_usdg_usd": 24404903.84307898
}