{
  "staked_sol": 5060464.15138768,
  "staked_usd": 730932539.2396319,
  "msol_directed_stake_sol": 1012092.8302775361,
  "msol_directed_stake_msol": 141061.40427238744,
  "liquidity_sol": 10203.988676415,
  "liquidity_usd": 1473862.3040298026,
  "total_sol": 9699150.477436181,
  "total_usd": 1400943564.6324368,
  "self_staked_sol": 1214034.725192254,
  "self_staked_usd": 175354959.12297416,
  "standard_staked_sol": 3846429.426195426,
  "standard_staked_usd": 555577580.1166576,
  "total_virtual_staked_sol": 5025575.175986825,
  "total_virtual_staked_usd": 725893181.8569255,
  "marinade_native_stake_sol": 4628482.337372087,
  "marinade_native_stake_usd": 668537163.0887752
}