{
  "rewards_mev": [
    [
      1003,
      2243.475289057
    ],
    [
      1002,
      2534.839528409
    ],
    [
      1001,
      2164.608027749
    ],
    [
      1000,
      1678.28768205
    ],
    [
      999,
      2107.821411594
    ],
    [
      998,
      3096.265417675
    ],
    [
      997,
      2773.399735766
    ],
    [
      995,
      3529.392679258
    ],
    [
      994,
      3750.008629245
    ],
    [
      993,
      2397.914985499
    ]
  ],
  "rewards_inflation_est": [
    [
      1004,
      128987.08953554982
    ],
    [
      1003,
      129075.83669994902
    ],
    [
      1002,
      129164.628395764
    ],
    [
      1001,
      129253.46425708514
    ],
    [
      1000,
      129342.34233170343
    ],
    [
      999,
      129431.23102543742
    ],
    [
      998,
      129520.17938522011
    ],
    [
      997,
      129609.18142834985
    ],
    [
      996,
      129698.19088135437
    ],
    [
      995,
      129787.25402348442
    ]
  ],
  "rewards_jito_priority": [
    [
      1003,
      10.275626886
    ],
    [
      1002,
      9.670566209
    ],
    [
      1001,
      4.845652315
    ],
    [
      1000,
      6.378518032
    ],
    [
      999,
      7.49318433
    ],
    [
      998,
      10.623761427
    ],
    [
      997,
      18.410331452
    ],
    [
      996,
      7.297612525
    ],
    [
      995,
      8.830910213
    ],
    [
      994,
      8.348595409
    ]
  ],
  "rewards_block": [
    [
      1004,
      14152.945767064
    ],
    [
      1003,
      12120.093314912
    ],
    [
      1002,
      11281.912458558
    ],
    [
      1001,
      9747.449931941
    ],
    [
      1000,
      8318.927271511
    ],
    [
      999,
      11973.667937193
    ],
    [
      998,
      13784.893170901
    ],
    [
      997,
      11788.990864649
    ],
    [
      996,
      13212.217578596
    ],
    [
      995,
      14156.934618567
    ]
  ]
}