{
  "staked_sol": 2399675.064909773,
  "staked_usd": 186095149.2846308,
  "msol_directed_stake_sol": 479935.0129819546,
  "msol_directed_stake_msol": 26318.36681149048,
  "liquidity_sol": 7019.282384771,
  "liquidity_usd": 544346.3668753225,
  "total_sol": 6781135.154688297,
  "total_usd": 525878014.6462976,
  "self_staked_sol": 1214034.725192254,
  "self_staked_usd": 94148568.99797514,
  "standard_staked_sol": 1185640.339717519,
  "standard_staked_usd": 91946580.28665566,
  "total_virtual_staked_sol": 2369535.616800234,
  "total_virtual_staked_usd": 183757830.7129133,
  "marinade_native_stake_sol": 2856776.423975329,
  "marinade_native_stake_usd": 221543425.96900377,
  "marinade_select_stake_sol": 1217417.179537813,
  "marinade_select_stake_usd": 94410878.82299678,
  "recipe_usdg_sol": 300247.203880611,
  "recipe_usdg_usd": 23284214.20279089
}