{
  "staked_sol": 5413425.83080412,
  "staked_usd": 778129648.4706476,
  "msol_directed_stake_sol": 1082685.166160824,
  "msol_directed_stake_msol": 718669.9927314261,
  "liquidity_sol": 18346.205379442,
  "liquidity_usd": 2637096.5057731224,
  "total_sol": 7986269.75308727,
  "total_usd": 1147952049.1811137,
  "self_staked_sol": 1214034.725192254,
  "self_staked_usd": 174506207.9856156,
  "standard_staked_sol": 4199391.105611866,
  "standard_staked_usd": 603623440.485032,
  "total_virtual_staked_sol": 5379691.221054759,
  "total_virtual_staked_usd": 773280611.8631458,
  "marinade_native_stake_sol": 2554497.716903708,
  "marinade_native_stake_usd": 367185304.2046931
}