{
  "staked_sol": 5475878.214256705,
  "staked_usd": 965491958.5367417,
  "msol_directed_stake_sol": 1095175.642851341,
  "msol_directed_stake_msol": 171268.04622499802,
  "liquidity_sol": 9746.045368972,
  "liquidity_usd": 1718396.2212267707,
  "total_sol": 10759118.81588982,
  "total_usd": 1897018576.9723182,
  "self_staked_sol": 1214034.725192254,
  "self_staked_usd": 214055301.94330493,
  "standard_staked_sol": 4261843.489064451,
  "standard_staked_usd": 751436656.593437,
  "total_virtual_staked_sol": 5441047.595891666,
  "total_virtual_staked_usd": 959350718.6065414,
  "marinade_native_stake_sol": 5273494.556264144,
  "marinade_native_stake_usd": 929808222.2143497
}