{
  "staked_sol": 5515347.384227711,
  "staked_usd": 1247584668.0517156,
  "msol_directed_stake_sol": 1103069.4768455422,
  "msol_directed_stake_msol": 429726.5159571189,
  "liquidity_sol": 14036.884304426,
  "liquidity_usd": 3175176.5438197874,
  "total_sol": 8602888.795887569,
  "total_usd": 1945993863.1238341,
  "self_staked_sol": 1214034.725192254,
  "self_staked_usd": 274617536.1435222,
  "standard_staked_sol": 4301312.659035457,
  "standard_staked_usd": 972967131.9081935,
  "total_virtual_staked_sol": 5472296.408762419,
  "total_virtual_staked_usd": 1237846435.227295,
  "marinade_native_stake_sol": 3073504.527355432,
  "marinade_native_stake_usd": 695234018.5282986
}