{
  "staked_sol": 4573359.732073494,
  "staked_usd": 1092503287.6120524,
  "msol_directed_stake_sol": 914671.9464146988,
  "msol_directed_stake_msol": 33938.389069998084,
  "liquidity_sol": 9365.297325999,
  "liquidity_usd": 2237221.3684313446,
  "total_sol": 10211838.801162615,
  "total_usd": 2439446734.223179,
  "self_staked_sol": 1214034.725192254,
  "self_staked_usd": 290013689.3334631,
  "standard_staked_sol": 3359325.00688124,
  "standard_staked_usd": 802489598.2785894,
  "total_virtual_staked_sol": 4541220.780474562,
  "total_virtual_staked_usd": 1084825800.5261376,
  "marinade_native_stake_sol": 4733434.861990579,
  "marinade_native_stake_usd": 1130742703.6966588,
  "marinade_select_stake_sol": 895678.909772545,
  "marinade_select_stake_usd": 213963521.54603684
}