{
  "staked_sol": 5324738.158359437,
  "staked_usd": 1366688599.505438,
  "msol_directed_stake_sol": 1064947.6316718876,
  "msol_directed_stake_msol": 456801.5089892485,
  "liquidity_sol": 14069.092051124,
  "liquidity_usd": 3611082.299225763,
  "total_sol": 7994714.245846101,
  "total_usd": 2051985373.017477,
  "self_staked_sol": 1214034.725192254,
  "self_staked_usd": 311603569.7866458,
  "standard_staked_sol": 4110703.433167183,
  "standard_staked_usd": 1055085029.7187922,
  "total_virtual_staked_sol": 5289947.800550684,
  "total_virtual_staked_usd": 1357759036.4028296,
  "marinade_native_stake_sol": 2655906.99543554,
  "marinade_native_stake_usd": 681685691.2128131
}