{
  "staked_sol": 5524220.413007703,
  "staked_usd": 1216557938.8732364,
  "msol_directed_stake_sol": 1104844.0826015405,
  "msol_directed_stake_msol": 429804.80387304706,
  "liquidity_sol": 14042.980118921,
  "liquidity_usd": 3092580.9746629577,
  "total_sol": 8605154.561431078,
  "total_usd": 1895049131.6910503,
  "self_staked_sol": 1214034.725192254,
  "self_staked_usd": 267357830.16961333,
  "standard_staked_sol": 4310185.687815449,
  "standard_staked_usd": 949200108.7036233,
  "total_virtual_staked_sol": 5488738.120523067,
  "total_virtual_staked_usd": 1208743937.7320142,
  "marinade_native_stake_sol": 3066891.168304455,
  "marinade_native_stake_usd": 675398611.8431509
}