{
  "staked_sol": 5430828.139194806,
  "staked_usd": 752494114.3686776,
  "msol_directed_stake_sol": 1086165.6278389613,
  "msol_directed_stake_msol": 713308.2013697384,
  "liquidity_sol": 18327.761998778,
  "liquidity_usd": 2539489.8678703425,
  "total_sol": 8003215.660412623,
  "total_usd": 1108923450.738514,
  "self_staked_sol": 1214034.725192254,
  "self_staked_usd": 168216331.27241856,
  "standard_staked_sol": 4216793.414002552,
  "standard_staked_usd": 584277783.0962589,
  "total_virtual_staked_sol": 5398916.371646659,
  "total_virtual_staked_usd": 748072428.2752116,
  "marinade_native_stake_sol": 2554059.759219039,
  "marinade_native_stake_usd": 353889846.50196624
}