{
  "rewards_mev": [
    [
      830,
      15956.371180859
    ],
    [
      829,
      17944.444083342
    ],
    [
      828,
      15835.018914183
    ],
    [
      826,
      13035.597814025
    ],
    [
      825,
      14632.31297206
    ],
    [
      824,
      12900.471023106
    ],
    [
      823,
      12480.304186201
    ],
    [
      822,
      16834.465626849
    ],
    [
      821,
      18310.538982359
    ],
    [
      820,
      12992.014554874
    ]
  ],
  "rewards_inflation_est": [
    [
      831,
      144871.77957866798
    ],
    [
      830,
      144966.59043293676
    ],
    [
      829,
      145061.4423728399
    ],
    [
      828,
      145156.32505816643
    ],
    [
      827,
      145251.2486837249
    ],
    [
      826,
      145346.17913099137
    ],
    [
      825,
      145441.15865105763
    ],
    [
      824,
      145536.17845957616
    ],
    [
      823,
      145631.22237522757
    ],
    [
      822,
      145726.29128875144
    ]
  ],
  "rewards_jito_priority": [
    [
      830,
      34.520466164
    ],
    [
      829,
      35.939860582
    ],
    [
      828,
      29.589120728
    ],
    [
      826,
      29.735357435
    ],
    [
      825,
      32.635011021
    ],
    [
      824,
      30.065834831
    ],
    [
      823,
      29.583433589
    ],
    [
      822,
      35.371053324
    ],
    [
      821,
      39.207163247
    ],
    [
      820,
      24.266023893
    ]
  ]
}