{
  "staked_sol": 5339742.482229055,
  "staked_usd": 838957854.1667874,
  "msol_directed_stake_sol": 1067948.4964458111,
  "msol_directed_stake_msol": 517327.40489255916,
  "liquidity_sol": 15659.447146905,
  "liquidity_usd": 2460346.396765073,
  "total_sol": 7872321.429654446,
  "total_usd": 1236865994.1775074,
  "self_staked_sol": 1214034.725192254,
  "self_staked_usd": 190744023.95264575,
  "standard_staked_sol": 4125707.757036801,
  "standard_staked_usd": 648213830.2141417,
  "total_virtual_staked_sol": 5300133.275365653,
  "total_virtual_staked_usd": 832734622.3712542,
  "marinade_native_stake_sol": 2516919.500278486,
  "marinade_native_stake_usd": 395447793.6139547
}