{
  "rewards_mev": [
    [
      861,
      2670.759517122
    ],
    [
      860,
      3882.586079563
    ],
    [
      859,
      2973.84573863
    ],
    [
      858,
      4560.250490763
    ],
    [
      857,
      4260.187764807
    ],
    [
      856,
      3378.104889906
    ],
    [
      855,
      2660.877845881
    ],
    [
      854,
      3720.5543814370003
    ],
    [
      853,
      4026.4808838919994
    ],
    [
      852,
      3395.365842932
    ]
  ],
  "rewards_inflation_est": [
    [
      862,
      141949.676735972
    ],
    [
      861,
      142043.46115600364
    ],
    [
      860,
      142137.25781552552
    ],
    [
      859,
      142231.07625469367
    ],
    [
      858,
      142324.92875944078
    ],
    [
      857,
      142418.81845197774
    ],
    [
      856,
      142512.7447969651
    ],
    [
      855,
      142606.7010158804
    ],
    [
      854,
      142700.67620813093
    ],
    [
      853,
      142794.70603453706
    ]
  ],
  "rewards_jito_priority": [
    [
      861,
      7.676410436
    ],
    [
      860,
      10.642333737
    ],
    [
      859,
      9.840609518
    ],
    [
      858,
      14.254093828
    ],
    [
      857,
      14.519329665
    ],
    [
      856,
      9.968463402
    ],
    [
      855,
      8.257508062
    ],
    [
      854,
      11.991624814
    ],
    [
      853,
      11.684244427
    ],
    [
      852,
      10.17266485
    ]
  ]
}