{
  "staked_sol": 5012596.144290654,
  "staked_usd": 862746321.5079497,
  "msol_directed_stake_sol": 1002519.2288581309,
  "msol_directed_stake_msol": 145981.34194215128,
  "liquidity_sol": 10212.672802109,
  "liquidity_usd": 1757760.9763793738,
  "total_sol": 9544477.333884709,
  "total_usd": 1642754068.648456,
  "self_staked_sol": 1214034.725192254,
  "self_staked_usd": 208954394.72727612,
  "standard_staked_sol": 3798561.4190984,
  "standard_staked_usd": 653791926.7806735,
  "total_virtual_staked_sol": 4976896.70297632,
  "total_virtual_staked_usd": 856601888.4063699,
  "marinade_native_stake_sol": 4521668.516791945,
  "marinade_native_stake_usd": 778249986.164127
}