{
  "rewards_mev": [
    [
      841,
      5850.908131767
    ],
    [
      840,
      10478.79394205
    ],
    [
      839,
      10195.060251474
    ],
    [
      838,
      7458.965388405999
    ],
    [
      837,
      8749.341297082
    ],
    [
      836,
      11507.598069288
    ],
    [
      835,
      9303.205459967
    ],
    [
      834,
      7821.120221416
    ],
    [
      833,
      14844.486658145
    ],
    [
      832,
      18234.472652843
    ]
  ],
  "rewards_inflation_est": [
    [
      842,
      143831.15258338035
    ],
    [
      841,
      143925.57851896252
    ],
    [
      840,
      144020.027758107
    ],
    [
      839,
      144114.53760108777
    ],
    [
      838,
      144209.07222152493
    ],
    [
      837,
      144303.63547025606
    ],
    [
      836,
      144398.23730957165
    ],
    [
      835,
      144492.88854248726
    ],
    [
      834,
      144587.55815570732
    ],
    [
      833,
      144682.253698394
    ]
  ],
  "rewards_jito_priority": [
    [
      841,
      17.906129957
    ],
    [
      840,
      26.414810782
    ],
    [
      839,
      22.196510679
    ],
    [
      838,
      17.328356758
    ],
    [
      837,
      19.315782643
    ],
    [
      836,
      23.712168139
    ],
    [
      835,
      27.84410316
    ],
    [
      834,
      21.926797328
    ],
    [
      833,
      29.338962981
    ],
    [
      832,
      28.791493006
    ]
  ]
}