{
  "staked_sol": 5111690.478224853,
  "staked_usd": 759110923.2527051,
  "msol_directed_stake_sol": 1022338.0956449707,
  "msol_directed_stake_msol": 123107.04721321512,
  "liquidity_sol": 9750.141166764,
  "liquidity_usd": 1447943.4336792512,
  "total_sol": 9508552.184009867,
  "total_usd": 1412066293.518398,
  "self_staked_sol": 1214034.725192254,
  "self_staked_usd": 180290067.4497759,
  "standard_staked_sol": 3897655.753032599,
  "standard_staked_usd": 578820855.8029292,
  "total_virtual_staked_sol": 5039852.479783793,
  "total_virtual_staked_usd": 748442630.727263,
  "marinade_native_stake_sol": 4387111.564618249,
  "marinade_native_stake_usd": 651507426.8320136
}