{
  "staked_sol": 5197936.962806734,
  "staked_usd": 986860547.1749586,
  "msol_directed_stake_sol": 1039587.3925613469,
  "msol_directed_stake_msol": 245948.78513983727,
  "liquidity_sol": 10228.712279051,
  "liquidity_usd": 1941984.4197473403,
  "total_sol": 9831379.81177554,
  "total_usd": 1866548388.3234215,
  "self_staked_sol": 1214034.725192254,
  "self_staked_usd": 230492016.69150263,
  "standard_staked_sol": 3983902.23761448,
  "standard_staked_usd": 756368530.4834559,
  "total_virtual_staked_sol": 5163624.569142985,
  "total_virtual_staked_usd": 980346126.5830617,
  "marinade_native_stake_sol": 4623214.136689755,
  "marinade_native_stake_usd": 877745856.7287158
}