{
  "rewards_mev": [
    [
      652,
      25571.496927874
    ],
    [
      651,
      17885.632314507
    ],
    [
      650,
      23031.133686646
    ],
    [
      649,
      29160.551109744
    ],
    [
      648,
      30346.214145647
    ],
    [
      647,
      21764.060265422
    ],
    [
      646,
      13506.761676691
    ],
    [
      645,
      11215.983031878
    ],
    [
      644,
      10962.366561908
    ],
    [
      643,
      12980.974260257
    ]
  ],
  "rewards_inflation_est": [
    [
      653,
      162646.3382212811
    ],
    [
      652,
      162748.93163892592
    ],
    [
      651,
      162851.5285008523
    ],
    [
      650,
      162953.1904081516
    ],
    [
      649,
      163055.6149036915
    ],
    [
      648,
      163159.0287031153
    ],
    [
      647,
      163262.332285248
    ],
    [
      646,
      163364.77340053703
    ],
    [
      645,
      163467.84276221515
    ],
    [
      644,
      163570.7704957685
    ]
  ]
}