{
  "staked_sol": 5223977.78634943,
  "staked_usd": 800872197.9888115,
  "msol_directed_stake_sol": 1044795.557269886,
  "msol_directed_stake_msol": 631140.7426090719,
  "liquidity_sol": 17566.886080223,
  "liquidity_usd": 2693126.051119505,
  "total_sol": 7697515.449310599,
  "total_usd": 1180082758.5926983,
  "self_staked_sol": 1214034.725192254,
  "self_staked_usd": 186119983.38509536,
  "standard_staked_sol": 4009943.061157176,
  "standard_staked_usd": 614752214.6037161,
  "total_virtual_staked_sol": 5159510.520180215,
  "total_virtual_staked_usd": 790988916.8442819,
  "marinade_native_stake_sol": 2455970.776880946,
  "marinade_native_stake_usd": 376517434.5527674
}