{
  "staked_sol": 5136549.613523749,
  "staked_usd": 725721506.6958618,
  "msol_directed_stake_sol": 1027309.9227047497,
  "msol_directed_stake_msol": 559959.3337562857,
  "liquidity_sol": 17594.036763891,
  "liquidity_usd": 2485787.509096806,
  "total_sol": 7648333.076315114,
  "total_usd": 1080600835.4794095,
  "self_staked_sol": 1214034.725192254,
  "self_staked_usd": 171525863.90442845,
  "standard_staked_sol": 3922514.888331495,
  "standard_staked_usd": 554195642.7914333,
  "total_virtual_staked_sol": 5084599.080535148,
  "total_virtual_staked_usd": 718381634.2307194,
  "marinade_native_stake_sol": 2494189.426027474,
  "marinade_native_stake_usd": 352393541.2744507
}