{
  "staked_sol": 5423959.599508612,
  "staked_usd": 730354237.8057423,
  "msol_directed_stake_sol": 1084791.9199017226,
  "msol_directed_stake_msol": 713308.2013697395,
  "liquidity_sol": 18327.410345369,
  "liquidity_usd": 2467846.8871629727,
  "total_sol": 7996318.913941594,
  "total_usd": 1076730993.0133967,
  "self_staked_sol": 1214034.725192254,
  "self_staked_usd": 163473822.052034,
  "standard_staked_sol": 4209924.874316358,
  "standard_staked_usd": 566880415.7537082,
  "total_virtual_staked_sol": 5392047.831960465,
  "total_virtual_staked_usd": 726057211.9453777,
  "marinade_native_stake_sol": 2554031.904087613,
  "marinade_native_stake_usd": 343908908.3204915
}