{
  "rewards_mev": [
    [
      959,
      2119.27869082
    ],
    [
      958,
      2029.111548123
    ],
    [
      956,
      2568.312810833
    ],
    [
      955,
      1938.1047760750002
    ],
    [
      954,
      2386.986386284
    ],
    [
      953,
      2607.358939935
    ],
    [
      952,
      2559.252640017
    ],
    [
      951,
      2269.312769795
    ],
    [
      950,
      2437.228348718
    ],
    [
      949,
      4648.580821823
    ]
  ],
  "rewards_inflation_est": [
    [
      959,
      133017.20524850124
    ],
    [
      958,
      133107.3061311212
    ],
    [
      957,
      133107.3061311212
    ],
    [
      956,
      133107.3061311212
    ],
    [
      955,
      133378.9791651942
    ],
    [
      954,
      133469.50886762544
    ],
    [
      953,
      133560.07536898035
    ],
    [
      952,
      133650.68305981258
    ],
    [
      951,
      133741.33226176703
    ],
    [
      950,
      133831.99297430814
    ]
  ],
  "rewards_jito_priority": [
    [
      959,
      6.032573374
    ],
    [
      958,
      4.736567543
    ],
    [
      957,
      7.543828539
    ],
    [
      956,
      8.64012283
    ],
    [
      955,
      5.860636012
    ],
    [
      954,
      6.675017393
    ],
    [
      953,
      7.61718531
    ],
    [
      952,
      5.567286266
    ],
    [
      951,
      6.250332807
    ],
    [
      950,
      8.294686811
    ]
  ],
  "rewards_block": [
    [
      960,
      9441.866699737
    ],
    [
      959,
      10057.331377348
    ],
    [
      958,
      8933.042030226
    ],
    [
      957,
      12006.255236922
    ],
    [
      956,
      10514.064561754
    ],
    [
      955,
      8714.270455521
    ],
    [
      954,
      9757.297749929
    ],
    [
      953,
      11290.239894716
    ],
    [
      952,
      10894.268185697
    ],
    [
      951,
      9610.971826408
    ]
  ]
}