{
  "staked_sol": 4834366.925208807,
  "staked_usd": 584332613.323632,
  "msol_directed_stake_sol": 966873.3850417614,
  "msol_directed_stake_msol": 127608.88664032205,
  "liquidity_sol": 10088.105019799,
  "liquidity_usd": 1219354.852641391,
  "total_sol": 9328867.850330204,
  "total_usd": 1127585434.5910687,
  "self_staked_sol": 1214034.725192254,
  "self_staked_usd": 146741051.0232602,
  "standard_staked_sol": 3620332.200016553,
  "standard_staked_usd": 437591562.30037177,
  "total_virtual_staked_sol": 4802646.089123066,
  "total_virtual_staked_usd": 580498498.2608844,
  "marinade_native_stake_sol": 4484412.820101598,
  "marinade_native_stake_usd": 542033466.4147953
}