{
  "staked_sol": 5550021.945825231,
  "staked_usd": 1061242745.2248824,
  "msol_directed_stake_sol": 1110004.3891650464,
  "msol_directed_stake_msol": 238632.4930555433,
  "liquidity_sol": 13945.826924891,
  "liquidity_usd": 2666639.4826303357,
  "total_sol": 8737443.289483853,
  "total_usd": 1670722817.5473166,
  "self_staked_sol": 1214034.725192254,
  "self_staked_usd": 232140621.62952286,
  "standard_staked_sol": 4335987.220632977,
  "standard_staked_usd": 829102123.5953594,
  "total_virtual_staked_sol": 5492987.938005993,
  "total_virtual_staked_usd": 1050337035.730383,
  "marinade_native_stake_sol": 3173475.516733731,
  "marinade_native_stake_usd": 606813432.8398039
}