{
  "rewards_mev": [
    [
      906,
      4789.319095064
    ],
    [
      905,
      3476.895300632
    ],
    [
      904,
      2692.071499826
    ],
    [
      903,
      2874.263290259
    ],
    [
      902,
      2898.365360668
    ],
    [
      901,
      2176.761055542
    ],
    [
      900,
      2209.665727257
    ],
    [
      899,
      2793.425473311
    ],
    [
      898,
      2005.4537117380003
    ],
    [
      897,
      2439.466274895
    ]
  ],
  "rewards_inflation_est": [
    [
      907,
      137766.06306158128
    ],
    [
      906,
      137858.28510053435
    ],
    [
      905,
      137950.55000744766
    ],
    [
      904,
      138042.83335926195
    ],
    [
      903,
      138135.14111107946
    ],
    [
      902,
      138227.48165197228
    ],
    [
      901,
      138319.85536998385
    ],
    [
      900,
      138412.256724395
    ],
    [
      899,
      138504.7066043439
    ],
    [
      898,
      138597.19024773684
    ]
  ],
  "rewards_jito_priority": [
    [
      906,
      22.678277178
    ],
    [
      905,
      18.32597679
    ],
    [
      904,
      16.439627495
    ],
    [
      903,
      20.449680226
    ],
    [
      902,
      17.714089358
    ],
    [
      901,
      11.134917048
    ],
    [
      900,
      12.622721332
    ],
    [
      899,
      16.130983572
    ],
    [
      898,
      10.313964431
    ],
    [
      897,
      23.48222491
    ]
  ],
  "rewards_block": [
    [
      907,
      10811.826818879
    ],
    [
      906,
      11867.077913301
    ],
    [
      905,
      9138.967385763
    ],
    [
      904,
      8382.789735608
    ],
    [
      903,
      7610.736684328
    ],
    [
      902,
      8022.896353792
    ],
    [
      901,
      6531.935602243
    ],
    [
      900,
      6226.242272719
    ],
    [
      899,
      7551.557504606
    ],
    [
      898,
      6231.245961237
    ]
  ]
}