{
  "staked_sol": 4633143.982167904,
  "staked_usd": 995501476.6498455,
  "msol_directed_stake_sol": 926628.7964335809,
  "msol_directed_stake_msol": 34770.19545582298,
  "liquidity_sol": 9379.099274533,
  "liquidity_usd": 2015242.1796903114,
  "total_sol": 10490471.549696501,
  "total_usd": 2254037422.249399,
  "self_staked_sol": 1214034.725192254,
  "self_staked_usd": 260853831.93025053,
  "standard_staked_sol": 3419109.25697565,
  "standard_staked_usd": 734647644.7195948,
  "total_virtual_staked_sol": 4591509.405764994,
  "total_virtual_staked_usd": 986555654.4504253,
  "marinade_native_stake_sol": 4984662.378699989,
  "marinade_native_stake_usd": 1071030552.4057723,
  "marinade_select_stake_sol": 863286.089554076,
  "marinade_select_stake_usd": 185490151.0140914
}