{
  "staked_sol": 5085903.746112267,
  "staked_usd": 804587823.2303194,
  "msol_directed_stake_sol": 1017180.7492224533,
  "msol_directed_stake_msol": 542490.8190464017,
  "liquidity_sol": 16492.982490014,
  "liquidity_usd": 2609182.859655955,
  "total_sol": 7595364.096075235,
  "total_usd": 1201583390.0463278,
  "self_staked_sol": 1214034.725192254,
  "self_staked_usd": 192059780.450059,
  "standard_staked_sol": 3871869.020920013,
  "standard_staked_usd": 612528042.7802604,
  "total_virtual_staked_sol": 5043476.500734423,
  "total_virtual_staked_usd": 797875850.942147,
  "marinade_native_stake_sol": 2492967.367472954,
  "marinade_native_stake_usd": 394386383.9563525
}