{
  "rewards_mev": [
    [
      990,
      1901.6383621460002
    ],
    [
      989,
      2194.539191591
    ],
    [
      988,
      2354.119694745
    ],
    [
      987,
      2552.513610589
    ],
    [
      986,
      2450.272782063
    ],
    [
      985,
      2634.885661006
    ],
    [
      984,
      2209.243956356
    ],
    [
      983,
      1807.903034866
    ],
    [
      982,
      2833.51014013
    ],
    [
      981,
      2396.751831497
    ]
  ],
  "rewards_inflation_est": [
    [
      991,
      130143.97872393126
    ],
    [
      990,
      130233.211375173
    ],
    [
      989,
      130322.45661785253
    ],
    [
      988,
      130411.7599700382
    ],
    [
      987,
      130487.01215777837
    ],
    [
      986,
      130590.47324040582
    ],
    [
      985,
      130679.87161141625
    ],
    [
      984,
      130769.3139493438
    ],
    [
      983,
      130858.79381138721
    ],
    [
      982,
      130948.3064238793
    ]
  ],
  "rewards_jito_priority": [
    [
      990,
      4.621168148
    ],
    [
      989,
      4.279764732
    ],
    [
      988,
      5.951925851
    ],
    [
      987,
      4.097336873
    ],
    [
      986,
      3.956832192
    ],
    [
      985,
      4.238645224
    ],
    [
      984,
      4.534390555
    ],
    [
      983,
      4.390302017
    ],
    [
      982,
      4.724514011
    ],
    [
      981,
      5.397596333
    ]
  ],
  "rewards_block": [
    [
      990,
      7480.330831323
    ],
    [
      989,
      9036.376657603
    ],
    [
      988,
      9604.517565718
    ],
    [
      987,
      8714.238716789
    ],
    [
      986,
      7993.421989336999
    ],
    [
      985,
      9248.235505717
    ],
    [
      984,
      9096.052668321
    ],
    [
      983,
      7143.566689832
    ],
    [
      982,
      9610.787673291
    ],
    [
      981,
      9457.814361817
    ]
  ]
}