{
  "staked_sol": 5570824.892131393,
  "staked_usd": 1059085887.9394228,
  "msol_directed_stake_sol": 1114164.9784262786,
  "msol_directed_stake_msol": 238024.9357800803,
  "liquidity_sol": 13945.339708349,
  "liquidity_usd": 2651189.5048962785,
  "total_sol": 8754521.266211022,
  "total_usd": 1664347759.6658547,
  "self_staked_sol": 1214034.725192254,
  "self_staked_usd": 230803708.57386583,
  "standard_staked_sol": 4356790.166939139,
  "standard_staked_usd": 828282179.3655571,
  "total_virtual_staked_sol": 5497141.785558266,
  "total_virtual_staked_usd": 1045077776.0597334,
  "marinade_native_stake_sol": 3169751.034371279,
  "marinade_native_stake_usd": 602610682.2215354
}