{
  "staked_sol": 5224085.088614879,
  "staked_usd": 1236595981.3311539,
  "msol_directed_stake_sol": 1044817.0177229759,
  "msol_directed_stake_msol": 466833.5660252703,
  "liquidity_sol": 14120.809287445,
  "liquidity_usd": 3342544.3349024677,
  "total_sol": 7937699.280932496,
  "total_usd": 1878937051.2375917,
  "self_staked_sol": 1214034.725192254,
  "self_staked_usd": 287374810.49859047,
  "standard_staked_sol": 4010050.363422625,
  "standard_staked_usd": 949221170.8325634,
  "total_virtual_staked_sol": 5290682.734881889,
  "total_virtual_staked_usd": 1252360345.8740242,
  "marinade_native_stake_sol": 2699493.383030172,
  "marinade_native_stake_usd": 638998525.5715355
}