{
  "staked_sol": 2816675.699567392,
  "staked_usd": 232017800.01023555,
  "msol_directed_stake_sol": 563335.1399134784,
  "msol_directed_stake_msol": 27087.96211749146,
  "liquidity_sol": 7673.015688662,
  "liquidity_usd": 632048.7018795983,
  "total_sol": 6829177.284140819,
  "total_usd": 562539269.1070495,
  "self_staked_sol": 1214034.725192254,
  "self_staked_usd": 100003584.40923816,
  "standard_staked_sol": 1602640.974375138,
  "standard_staked_usd": 132014215.60099739,
  "total_virtual_staked_sol": 2785793.747939226,
  "total_virtual_staked_usd": 229473963.5018686,
  "marinade_native_stake_sol": 2852401.929621599,
  "marinade_native_stake_usd": 234960673.8743122,
  "marinade_select_stake_sol": 898439.951460722,
  "marinade_select_stake_usd": 74007121.59061678,
  "recipe_usdg_sol": 253986.687802444,
  "recipe_usdg_usd": 20921624.930005413
}