{
  "staked_sol": 5116584.671296678,
  "staked_usd": 881883792.3914998,
  "msol_directed_stake_sol": 1023316.9342593355,
  "msol_directed_stake_msol": 110475.09378475804,
  "liquidity_sol": 9749.026868969,
  "liquidity_usd": 1680321.8044184493,
  "total_sol": 9925203.042926105,
  "total_usd": 1710687159.904483,
  "self_staked_sol": 1214034.725192254,
  "self_staked_usd": 209248476.5381962,
  "standard_staked_sol": 3902549.946104424,
  "standard_staked_usd": 672635315.8533037,
  "total_virtual_staked_sol": 5346952.865483442,
  "total_virtual_staked_usd": 921589570.7157584,
  "marinade_native_stake_sol": 4798869.344760458,
  "marinade_native_stake_usd": 827123045.7085649
}