{
  "staked_sol": 5424405.100704765,
  "staked_usd": 1476813563.530981,
  "msol_directed_stake_sol": 1084881.0201409531,
  "msol_directed_stake_msol": 293072.5188882505,
  "liquidity_sol": 13876.338563961,
  "liquidity_usd": 3777882.4816647824,
  "total_sol": 8603623.164664423,
  "total_usd": 2342366978.3502975,
  "self_staked_sol": 1214034.725192254,
  "self_staked_usd": 330525267.83602226,
  "standard_staked_sol": 4210370.375512511,
  "standard_staked_usd": 1146288295.6949587,
  "total_virtual_staked_sol": 5365060.002869723,
  "total_virtual_staked_usd": 1460656649.770894,
  "marinade_native_stake_sol": 3165341.725395698,
  "marinade_native_stake_usd": 861775532.3376522
}