{
  "rewards_mev": [
    [
      775,
      23438.124504587
    ],
    [
      774,
      16063.014218877
    ],
    [
      773,
      24490.910965082
    ],
    [
      772,
      33692.388234942
    ],
    [
      771,
      25853.824605996
    ],
    [
      770,
      25013.382644605
    ],
    [
      769,
      28689.05004897
    ],
    [
      768,
      24305.175559188
    ],
    [
      767,
      15348.939954895
    ],
    [
      766,
      17855.086991705
    ]
  ],
  "rewards_inflation_est": [
    [
      776,
      150132.65387679197
    ],
    [
      775,
      150229.17392971885
    ],
    [
      774,
      150325.70496729712
    ],
    [
      773,
      150422.26901667882
    ],
    [
      772,
      150518.84941940854
    ],
    [
      771,
      150615.47663784673
    ],
    [
      770,
      150712.12641491514
    ],
    [
      769,
      150807.48735081602
    ],
    [
      768,
      150905.51220372075
    ],
    [
      767,
      151002.24904414619
    ]
  ]
}