{
  "staked_sol": 5172465.723877144,
  "staked_usd": 793904981.0652672,
  "msol_directed_stake_sol": 1034493.1447754288,
  "msol_directed_stake_msol": 121131.92348321206,
  "liquidity_sol": 9746.973923189,
  "liquidity_usd": 1496031.40185387,
  "total_sol": 9560688.420556994,
  "total_usd": 1467439044.4880023,
  "self_staked_sol": 1214034.725192254,
  "self_staked_usd": 186338250.83984762,
  "standard_staked_sol": 3958430.99868489,
  "standard_staked_usd": 607566730.2254196,
  "total_virtual_staked_sol": 5080907.397565543,
  "total_virtual_staked_usd": 779851990.6353385,
  "marinade_native_stake_sol": 4378475.722756661,
  "marinade_native_stake_usd": 672038032.0208813
}