{
  "staked_sol": 5358850.67467056,
  "staked_usd": 1195621271.6778262,
  "msol_directed_stake_sol": 1071770.1349341122,
  "msol_directed_stake_msol": 443822.5058913833,
  "liquidity_sol": 14044.688039346,
  "liquidity_usd": 3133531.571105689,
  "total_sol": 8081681.774486594,
  "total_usd": 1803116232.7733998,
  "self_staked_sol": 1214034.725192254,
  "self_staked_usd": 270865122.04123634,
  "standard_staked_sol": 4144815.949478306,
  "standard_staked_usd": 924756149.6365898,
  "total_virtual_staked_sol": 5283489.857220971,
  "total_virtual_staked_usd": 1178807405.8204243,
  "marinade_native_stake_sol": 2708786.411776688,
  "marinade_native_stake_usd": 604361429.524468
}