{
  "staked_sol": 5281820.630986135,
  "staked_usd": 759570123.9574469,
  "msol_directed_stake_sol": 1056364.126197227,
  "msol_directed_stake_msol": 115438.64003849342,
  "liquidity_sol": 9749.02660137,
  "liquidity_usd": 1401991.8246796853,
  "total_sol": 9927028.942714144,
  "total_usd": 1427590054.8971782,
  "self_staked_sol": 1214034.725192254,
  "self_staked_usd": 174588379.86528853,
  "standard_staked_sol": 4067785.905793881,
  "standard_staked_usd": 584981744.0921583,
  "total_virtual_staked_sol": 5219343.022713448,
  "total_virtual_staked_usd": 750585319.6682127,
  "marinade_native_stake_sol": 4635459.285126638,
  "marinade_native_stake_usd": 666617939.1150515
}