{
  "staked_sol": 5418272.122346059,
  "staked_usd": 1259419208.5436952,
  "msol_directed_stake_sol": 1083654.4244692118,
  "msol_directed_stake_msol": 432427.2511728858,
  "liquidity_sol": 14030.622337608,
  "liquidity_usd": 3261267.592472751,
  "total_sol": 8412017.853771023,
  "total_usd": 1955283276.3712363,
  "self_staked_sol": 1214034.725192254,
  "self_staked_usd": 282189343.43300533,
  "standard_staked_sol": 4204237.397153805,
  "standard_staked_usd": 977229865.1106898,
  "total_virtual_staked_sol": 5385083.48349375,
  "total_virtual_staked_usd": 1251704865.6070175,
  "marinade_native_stake_sol": 2979715.109087356,
  "marinade_native_stake_usd": 692602800.2350684
}