{
  "rewards_mev": [
    [
      755,
      17979.923092808
    ],
    [
      754,
      17051.87332897
    ],
    [
      753,
      17087.564450455
    ],
    [
      752,
      23258.909453485
    ],
    [
      751,
      19427.956561276
    ],
    [
      750,
      23480.162751772
    ],
    [
      749,
      13601.626665768
    ],
    [
      748,
      18152.287386944
    ],
    [
      747,
      22136.876770432
    ],
    [
      746,
      19457.390446353
    ]
  ],
  "rewards_inflation_est": [
    [
      762,
      151486.31534907376
    ],
    [
      761,
      151583.216159081
    ],
    [
      760,
      151680.14976765407
    ],
    [
      759,
      151777.10566942638
    ],
    [
      758,
      151874.07149892137
    ],
    [
      757,
      151971.1064497099
    ],
    [
      756,
      152068.14675983376
    ],
    [
      755,
      152165.2160273287
    ],
    [
      754,
      152262.30705560767
    ],
    [
      753,
      152359.4326590871
    ]
  ]
}