{
  "staked_sol": 4936395.614190478,
  "staked_usd": 678717548.1894855,
  "msol_directed_stake_sol": 987279.1228380956,
  "msol_directed_stake_msol": 128322.28394072305,
  "liquidity_sol": 10144.146644149,
  "liquidity_usd": 1394744.4404575913,
  "total_sol": 9383800.83614422,
  "total_usd": 1290202567.6178908,
  "self_staked_sol": 1214034.725192254,
  "self_staked_usd": 166920712.29678142,
  "standard_staked_sol": 3722360.888998224,
  "standard_staked_usd": 511796835.8927041,
  "total_virtual_staked_sol": 4878193.437713945,
  "total_virtual_staked_usd": 670715183.3863311,
  "marinade_native_stake_sol": 4437261.075309592,
  "marinade_native_stake_usd": 610090274.9879475
}