{
  "staked_sol": 5036558.384825599,
  "staked_usd": 1001612283.7242956,
  "msol_directed_stake_sol": 1007311.6769651199,
  "msol_directed_stake_msol": 226886.8337547994,
  "liquidity_sol": 10228.844288251,
  "liquidity_usd": 2034193.8491734702,
  "total_sol": 9577607.938533785,
  "total_usd": 1904683521.3572025,
  "self_staked_sol": 1214034.725192254,
  "self_staked_usd": 241433137.61317933,
  "standard_staked_sol": 3822523.659633345,
  "standard_staked_usd": 760179146.1111162,
  "total_virtual_staked_sol": 5002979.17736334,
  "total_virtual_staked_usd": 994934440.6215018,
  "marinade_native_stake_sol": 4530820.709419935,
  "marinade_native_stake_usd": 901037043.7837336
}