{
  "rewards_mev": [
    [
      909,
      3395.84660202
    ],
    [
      908,
      2991.523379286
    ],
    [
      907,
      3753.859197584
    ],
    [
      906,
      4789.319095064
    ],
    [
      905,
      3476.895300632
    ],
    [
      904,
      2692.071499826
    ],
    [
      903,
      2874.263290259
    ],
    [
      902,
      2898.365360668
    ],
    [
      901,
      2176.761055542
    ],
    [
      900,
      2209.665727257
    ]
  ],
  "rewards_inflation_est": [
    [
      910,
      137489.59575519813
    ],
    [
      909,
      137581.73094486198
    ],
    [
      908,
      137673.8824069175
    ],
    [
      907,
      137766.06306158128
    ],
    [
      906,
      137858.28510053435
    ],
    [
      905,
      137950.55000744766
    ],
    [
      904,
      138042.83335926195
    ],
    [
      903,
      138135.14111107946
    ],
    [
      902,
      138227.48165197228
    ],
    [
      901,
      138319.85536998385
    ]
  ],
  "rewards_jito_priority": [
    [
      909,
      19.215510895
    ],
    [
      908,
      18.658608877
    ],
    [
      907,
      17.832491914
    ],
    [
      906,
      22.678277178
    ],
    [
      905,
      18.32597679
    ],
    [
      904,
      16.439627495
    ],
    [
      903,
      20.449680226
    ],
    [
      902,
      17.714089358
    ],
    [
      901,
      11.134917048
    ],
    [
      900,
      12.622721332
    ]
  ],
  "rewards_block": [
    [
      910,
      12555.48891289
    ],
    [
      909,
      11252.112676734
    ],
    [
      908,
      10058.713647211
    ],
    [
      907,
      10811.826818879
    ],
    [
      906,
      11867.077913301
    ],
    [
      905,
      9138.967385763
    ],
    [
      904,
      8382.789735608
    ],
    [
      903,
      7610.736684328
    ],
    [
      902,
      8022.896353792
    ],
    [
      901,
      6531.935602243
    ]
  ]
}