{
  "staked_sol": 5317504.20488078,
  "staked_usd": 767509859.8432567,
  "msol_directed_stake_sol": 1063500.840976156,
  "msol_directed_stake_msol": 502332.90961223963,
  "liquidity_sol": 14818.370188455,
  "liquidity_usd": 2138831.4495374397,
  "total_sol": 7928858.698913295,
  "total_usd": 1144423585.6239192,
  "self_staked_sol": 1214034.725192254,
  "self_staked_usd": 175229503.51819128,
  "standard_staked_sol": 4103469.479688526,
  "standard_staked_usd": 592280356.3250655,
  "total_virtual_staked_sol": 5268577.999085552,
  "total_virtual_staked_usd": 760448023.3301628,
  "marinade_native_stake_sol": 2596536.12384406,
  "marinade_native_stake_usd": 374774894.33112514
}