{
  "rewards_mev": [
    [
      969,
      2914.691094327
    ],
    [
      968,
      3392.516614995
    ],
    [
      967,
      3090.874862344
    ],
    [
      966,
      2506.29620058
    ],
    [
      965,
      2968.247833329
    ],
    [
      964,
      2950.699593048
    ],
    [
      963,
      4118.207311969
    ],
    [
      962,
      1994.252169061
    ],
    [
      961,
      2155.172815697
    ],
    [
      960,
      2099.136993717
    ]
  ],
  "rewards_inflation_est": [
    [
      970,
      132025.30579080316
    ],
    [
      969,
      132115.34736515355
    ],
    [
      968,
      132205.36686758485
    ],
    [
      967,
      132295.43625485306
    ],
    [
      966,
      132385.53752332155
    ],
    [
      965,
      132475.66137160241
    ],
    [
      964,
      132565.8123016373
    ],
    [
      963,
      132656.0170973627
    ],
    [
      962,
      132746.28027710496
    ],
    [
      961,
      132836.54978872623
    ]
  ],
  "rewards_jito_priority": [
    [
      969,
      7.999374729
    ],
    [
      968,
      6.501037498
    ],
    [
      967,
      14.528245718
    ],
    [
      966,
      5.396611099
    ],
    [
      965,
      6.795714712
    ],
    [
      964,
      7.664846559
    ],
    [
      963,
      8.928936301
    ],
    [
      962,
      4.216406424
    ],
    [
      961,
      5.187480353
    ],
    [
      960,
      5.635213002
    ]
  ],
  "rewards_block": [
    [
      970,
      11714.464886325
    ],
    [
      969,
      8525.000236868
    ],
    [
      968,
      10899.465757331
    ],
    [
      967,
      10282.41564407
    ],
    [
      966,
      8991.020382846
    ],
    [
      965,
      9435.047780165
    ],
    [
      964,
      11610.213813132
    ],
    [
      963,
      13396.533529299
    ],
    [
      962,
      7987.664330647999
    ],
    [
      961,
      8571.537202678
    ]
  ]
}