{
  "staked_sol": 4902597.936635641,
  "staked_usd": 620031143.2959394,
  "msol_directed_stake_sol": 980519.5873271283,
  "msol_directed_stake_msol": 128591.2599137751,
  "liquidity_sol": 10144.145598121,
  "liquidity_usd": 1282929.2294117166,
  "total_sol": 9351680.26598894,
  "total_usd": 1182706206.3829458,
  "self_staked_sol": 1214034.725192254,
  "self_staked_usd": 153538868.24716544,
  "standard_staked_sol": 3688563.211443387,
  "standard_staked_usd": 466492275.04877394,
  "total_virtual_staked_sol": 4854959.331657078,
  "total_virtual_staked_usd": 614006292.9835861,
  "marinade_native_stake_sol": 4438938.183755178,
  "marinade_native_stake_usd": 561392133.8575947
}