{
  "staked_sol": 4615104.52521287,
  "staked_usd": 612734439.1084881,
  "msol_directed_stake_sol": 923020.905042574,
  "msol_directed_stake_msol": 125044.5227280639,
  "liquidity_sol": 9750.959103365,
  "liquidity_usd": 1294607.39715198,
  "total_sol": 9119463.046659347,
  "total_usd": 1210765442.9793577,
  "self_staked_sol": 1214034.725192254,
  "self_staked_usd": 161183973.69658533,
  "standard_staked_sol": 3401069.800020616,
  "standard_staked_usd": 451550465.4119027,
  "total_virtual_staked_sol": 4576554.941286401,
  "total_virtual_staked_usd": 607616319.3441343,
  "marinade_native_stake_sol": 4494607.562343111,
  "marinade_native_stake_usd": 596736396.4737176
}