{
  "staked_sol": 5169039.130245901,
  "staked_usd": 740836352.4925427,
  "msol_directed_stake_sol": 1033807.8260491802,
  "msol_directed_stake_msol": 586265.901783753,
  "liquidity_sol": 17591.338355642,
  "liquidity_usd": 2521223.502952282,
  "total_sol": 7671886.785531211,
  "total_usd": 1099549157.9221807,
  "self_staked_sol": 1214034.725192254,
  "self_staked_usd": 173997726.64671814,
  "standard_staked_sol": 3955004.405053647,
  "standard_staked_usd": 566838625.8458246,
  "total_virtual_staked_sol": 5090101.109057489,
  "total_virtual_staked_usd": 729522807.7085589,
  "marinade_native_stake_sol": 2485256.316929668,
  "marinade_native_stake_usd": 356191581.9266856
}