{
  "staked_sol": 5370842.629302509,
  "staked_usd": 749416103.5519457,
  "msol_directed_stake_sol": 1074168.525860502,
  "msol_directed_stake_msol": 649680.2879698394,
  "liquidity_sol": 17592.89853863,
  "liquidity_usd": 2454810.6103635775,
  "total_sol": 7890047.215878516,
  "total_usd": 1100931241.050428,
  "self_staked_sol": 1214034.725192254,
  "self_staked_usd": 169399335.658526,
  "standard_staked_sol": 4156807.904110255,
  "standard_staked_usd": 580016767.8934196,
  "total_virtual_staked_sol": 5271380.85774235,
  "total_virtual_staked_usd": 735537787.1610838,
  "marinade_native_stake_sol": 2501611.688037377,
  "marinade_native_stake_usd": 349060326.8881186
}