{
  "staked_sol": 5423744.541373251,
  "staked_usd": 733835768.7687483,
  "msol_directed_stake_sol": 1084748.9082746503,
  "msol_directed_stake_msol": 713308.201369739,
  "liquidity_sol": 18327.280616578,
  "liquidity_usd": 2479691.651794105,
  "total_sol": 7996107.100463875,
  "total_usd": 1081877908.6045349,
  "self_staked_sol": 1214034.725192254,
  "self_staked_usd": 164259599.44784644,
  "standard_staked_sol": 4209709.816180997,
  "standard_staked_usd": 569576169.3209019,
  "total_virtual_staked_sol": 5391832.773725106,
  "total_virtual_staked_usd": 729518088.1762704,
  "marinade_native_stake_sol": 2554035.278474046,
  "marinade_native_stake_usd": 345562448.1839924
}