{
  "rewards_mev": [
    [
      723,
      61757.158197144
    ],
    [
      722,
      55134.526243289
    ],
    [
      721,
      56456.529406359
    ],
    [
      720,
      40840.025195907
    ],
    [
      719,
      38270.308793711
    ],
    [
      718,
      34359.330137875
    ],
    [
      717,
      37276.543402464
    ],
    [
      716,
      28750.672019612
    ],
    [
      715,
      35695.470311571
    ],
    [
      714,
      49435.123398157
    ]
  ],
  "rewards_inflation_est": [
    [
      724,
      155325.82966191773
    ],
    [
      723,
      155429.83604254067
    ],
    [
      722,
      155534.55243079038
    ],
    [
      721,
      155638.35095829878
    ],
    [
      720,
      155742.37177601896
    ],
    [
      719,
      155844.8978964473
    ],
    [
      718,
      155947.13552073407
    ],
    [
      717,
      156049.19238724653
    ],
    [
      716,
      156151.4771124069
    ],
    [
      715,
      156253.23721437465
    ]
  ]
}