{
  "staked_sol": 5536162.05038951,
  "staked_usd": 1028337265.6866398,
  "msol_directed_stake_sol": 1107232.410077902,
  "msol_directed_stake_msol": 253330.70497036353,
  "liquidity_sol": 13943.086936221,
  "liquidity_usd": 2589916.2207897822,
  "total_sol": 8749663.502699457,
  "total_usd": 1625242353.8453143,
  "self_staked_sol": 1214034.725192254,
  "self_staked_usd": 225505889.89081287,
  "standard_staked_sol": 4322127.325197256,
  "standard_staked_usd": 802831375.795827,
  "total_virtual_staked_sol": 5438946.784548379,
  "total_virtual_staked_usd": 1010279614.9625186,
  "marinade_native_stake_sol": 3199558.365373726,
  "marinade_native_stake_usd": 594315171.9378844
}