{
  "staked_sol": 3194653.895796275,
  "staked_usd": 311524094.1029964,
  "msol_directed_stake_sol": 638930.7791592551,
  "msol_directed_stake_msol": 26737.211061668466,
  "liquidity_sol": 7622.967783805,
  "liquidity_usd": 743347.545833058,
  "total_sol": 7067740.564436091,
  "total_usd": 689205012.0321897,
  "self_staked_sol": 1214034.725192254,
  "self_staked_usd": 118385615.56629269,
  "standard_staked_sol": 1980619.170604021,
  "standard_staked_usd": 193138478.53670368,
  "total_virtual_staked_sol": 3164514.840087727,
  "total_virtual_staked_usd": 308585108.4310024,
  "marinade_native_stake_sol": 2668513.033222377,
  "marinade_native_stake_usd": 260217892.88990724,
  "marinade_select_stake_sol": 897656.411843761,
  "marinade_select_stake_usd": 87534239.90102457,
  "recipe_usdg_sol": 299294.255789873,
  "recipe_usdg_usd": 29185437.59242847
}