{
  "rewards_mev": [
    [
      919,
      6270.721076444
    ],
    [
      918,
      7358.534487157
    ],
    [
      917,
      7204.773574599
    ],
    [
      916,
      8538.449662293
    ],
    [
      915,
      4304.301498752
    ],
    [
      914,
      3970.0377759439993
    ],
    [
      913,
      4730.031891395
    ],
    [
      912,
      3709.4767096979995
    ],
    [
      911,
      5329.920564643
    ],
    [
      910,
      4211.413797095
    ]
  ],
  "rewards_inflation_est": [
    [
      920,
      136569.8746087441
    ],
    [
      919,
      136661.7118264959
    ],
    [
      918,
      136753.5836877396
    ],
    [
      917,
      136845.50313549282
    ],
    [
      916,
      136937.42762956803
    ],
    [
      915,
      137029.38969662332
    ],
    [
      914,
      137121.36488086302
    ],
    [
      913,
      137213.3822843559
    ],
    [
      912,
      137305.42467088628
    ],
    [
      911,
      137397.48874129853
    ]
  ],
  "rewards_jito_priority": [
    [
      919,
      15.11952978
    ],
    [
      918,
      23.822958571
    ],
    [
      917,
      27.254246059
    ],
    [
      916,
      27.405103023
    ],
    [
      915,
      16.753647376
    ],
    [
      914,
      16.334522778
    ],
    [
      913,
      24.39132771
    ],
    [
      912,
      19.355864225
    ],
    [
      911,
      29.87890676
    ],
    [
      910,
      30.816644065
    ]
  ],
  "rewards_block": [
    [
      920,
      15657.590830007
    ],
    [
      919,
      15773.429168828
    ],
    [
      918,
      19595.87778664
    ],
    [
      917,
      19020.159956962
    ],
    [
      916,
      19923.005749243
    ],
    [
      915,
      12911.43969117
    ],
    [
      914,
      12714.451432844
    ],
    [
      913,
      12444.70582237
    ],
    [
      912,
      10913.103521776
    ],
    [
      911,
      14927.987682737
    ]
  ]
}