{
  "rewards_mev": [
    [
      696,
      64464.664939194
    ],
    [
      695,
      37793.551643746
    ],
    [
      694,
      47429.818252541
    ],
    [
      693,
      40910.087715062
    ],
    [
      692,
      36953.192269837
    ],
    [
      691,
      44057.703482962
    ],
    [
      689,
      45789.526129088
    ],
    [
      688,
      65294.078444475
    ],
    [
      687,
      49788.890680849
    ],
    [
      686,
      48918.516226688
    ]
  ],
  "rewards_inflation_est": [
    [
      698,
      158042.4215744666
    ],
    [
      697,
      158152.36932350442
    ],
    [
      696,
      158262.1477457443
    ],
    [
      695,
      158368.3873309743
    ],
    [
      694,
      158472.30898607263
    ],
    [
      693,
      158577.09925763746
    ],
    [
      692,
      158680.62683562492
    ],
    [
      691,
      158783.9139995686
    ],
    [
      690,
      158887.62547418624
    ],
    [
      689,
      158992.3835323441
    ]
  ]
}