{
  "staked_sol": 5208447.089890828,
  "staked_usd": 1225829697.1937797,
  "msol_directed_stake_sol": 1041689.4179781657,
  "msol_directed_stake_msol": 469379.03990670457,
  "liquidity_sol": 14383.019981939,
  "liquidity_usd": 3385103.606680187,
  "total_sol": 7940731.104514583,
  "total_usd": 1868884110.2441473,
  "self_staked_sol": 1214034.725192254,
  "self_staked_usd": 285728124.69452345,
  "standard_staked_sol": 3994412.364698574,
  "standard_staked_usd": 940101572.4992563,
  "total_virtual_staked_sol": 5336846.160280863,
  "total_virtual_staked_usd": 1256048952.7338178,
  "marinade_native_stake_sol": 2717900.994641816,
  "marinade_native_stake_usd": 639669309.4436874
}