{
  "rewards_mev": [
    [
      874,
      4679.499809698
    ],
    [
      873,
      2592.603754295
    ],
    [
      872,
      3895.217821621
    ],
    [
      871,
      3335.07914252
    ],
    [
      870,
      1915.8489290719997
    ],
    [
      869,
      2052.19069297
    ],
    [
      868,
      2946.345354179
    ],
    [
      867,
      3535.12429765
    ],
    [
      866,
      2445.936559887
    ],
    [
      865,
      3074.976974787
    ]
  ],
  "rewards_inflation_est": [
    [
      875,
      140733.85983791336
    ],
    [
      874,
      140827.17242685542
    ],
    [
      873,
      140920.53633316638
    ],
    [
      872,
      141013.9146190769
    ],
    [
      871,
      141107.33922242656
    ],
    [
      870,
      141200.7999846566
    ],
    [
      869,
      141294.27604513662
    ],
    [
      868,
      141387.7893914526
    ],
    [
      867,
      141481.34686626017
    ],
    [
      866,
      141574.94943364908
    ]
  ],
  "rewards_jito_priority": [
    [
      874,
      13.157105144
    ],
    [
      873,
      9.824046472
    ],
    [
      872,
      12.089019314
    ],
    [
      871,
      13.490427624
    ],
    [
      870,
      8.901337185
    ],
    [
      869,
      8.922125340000001
    ],
    [
      868,
      9.042636572
    ],
    [
      867,
      11.606991687
    ],
    [
      866,
      9.830162829
    ],
    [
      865,
      10.723664574
    ]
  ]
}