{
  "staked_sol": 5629959.963779296,
  "staked_usd": 1275855551.2395592,
  "msol_directed_stake_sol": 1125991.9927558592,
  "msol_directed_stake_msol": 253638.84242515228,
  "liquidity_sol": 13949.001920465,
  "liquidity_usd": 3161108.0094661596,
  "total_sol": 8742048.92056804,
  "total_usd": 1981113847.3935637,
  "self_staked_sol": 1214034.725192254,
  "self_staked_usd": 275123260.8223306,
  "standard_staked_sol": 4415925.238587042,
  "standard_staked_usd": 1000732290.4172287,
  "total_virtual_staked_sol": 5579989.152944269,
  "total_virtual_staked_usd": 1264531219.1281433,
  "marinade_native_stake_sol": 3098139.954868279,
  "marinade_native_stake_usd": 702097188.1445384
}