{
  "staked_sol": 5365443.229351412,
  "staked_usd": 1287005422.2734256,
  "msol_directed_stake_sol": 1073088.6458702823,
  "msol_directed_stake_msol": 448491.26388182334,
  "liquidity_sol": 14029.650505111,
  "liquidity_usd": 3365283.2582223862,
  "total_sol": 8060884.360269741,
  "total_usd": 1933559155.6040552,
  "self_staked_sol": 1214034.725192254,
  "self_staked_usd": 291209730.0001689,
  "standard_staked_sol": 4151408.504159158,
  "standard_staked_usd": 995795692.2732568,
  "total_virtual_staked_sol": 5310893.688097291,
  "total_virtual_staked_usd": 1273920658.83906,
  "marinade_native_stake_sol": 2681411.480413218,
  "marinade_native_stake_usd": 643188450.072407
}