{
  "staked_sol": 5277089.480331726,
  "staked_usd": 775190057.9955349,
  "msol_directed_stake_sol": 1055417.8960663453,
  "msol_directed_stake_msol": 117667.89538734121,
  "liquidity_sol": 9749.384179269,
  "liquidity_usd": 1432157.9566759975,
  "total_sol": 9925373.57291784,
  "total_usd": 1458010318.8119276,
  "self_staked_sol": 1214034.725192254,
  "self_staked_usd": 178338391.36857256,
  "standard_staked_sol": 4063054.755139472,
  "standard_staked_usd": 596851666.6269623,
  "total_virtual_staked_sol": 5235876.126354838,
  "total_virtual_staked_usd": 769135928.6542362,
  "marinade_native_stake_sol": 4638534.708406845,
  "marinade_native_stake_usd": 681388102.8597168
}