{
  "rewards_mev": [
    [
      791,
      21149.406015245
    ],
    [
      790,
      24857.396571133
    ],
    [
      789,
      23148.693282536
    ],
    [
      788,
      24717.465583258
    ],
    [
      787,
      42757.323374113
    ],
    [
      786,
      48005.058386919
    ],
    [
      785,
      24255.243517233
    ],
    [
      784,
      27031.33795671
    ],
    [
      783,
      26807.991423344
    ],
    [
      782,
      24790.179805166
    ]
  ],
  "rewards_inflation_est": [
    [
      792,
      148592.5890130253
    ],
    [
      791,
      148688.60014160897
    ],
    [
      790,
      148784.64342288187
    ],
    [
      789,
      148880.71735018448
    ],
    [
      788,
      148976.8340665781
    ],
    [
      787,
      149072.96999991956
    ],
    [
      786,
      149169.1432021296
    ],
    [
      785,
      149265.34699780983
    ],
    [
      784,
      149361.60198242278
    ],
    [
      783,
      149457.8819064529
    ]
  ]
}