{
  "rewards_mev": [
    [
      828,
      15835.018914183
    ],
    [
      826,
      13035.597814025
    ],
    [
      825,
      14632.31297206
    ],
    [
      824,
      12900.471023106
    ],
    [
      823,
      12480.304186201
    ],
    [
      822,
      16834.465626849
    ],
    [
      821,
      18310.538982359
    ],
    [
      820,
      12992.014554874
    ],
    [
      819,
      23494.54435796
    ],
    [
      818,
      22266.679622107
    ]
  ],
  "rewards_inflation_est": [
    [
      829,
      145061.4423728399
    ],
    [
      828,
      145156.32505816643
    ],
    [
      827,
      145251.2486837249
    ],
    [
      826,
      145346.17913099137
    ],
    [
      825,
      145441.15865105763
    ],
    [
      824,
      145536.17845957616
    ],
    [
      823,
      145631.22237522757
    ],
    [
      822,
      145726.29128875144
    ],
    [
      821,
      145821.39505627292
    ],
    [
      820,
      145916.53977609516
    ]
  ],
  "rewards_jito_priority": [
    [
      828,
      29.589120728
    ],
    [
      826,
      29.735357435
    ],
    [
      825,
      32.635011021
    ],
    [
      824,
      30.065834831
    ],
    [
      823,
      29.583433589
    ],
    [
      822,
      35.371053324
    ],
    [
      821,
      39.207163247
    ],
    [
      820,
      24.266023893
    ],
    [
      819,
      49.746025971
    ],
    [
      818,
      43.162569483
    ]
  ]
}