{
  "staked_sol": 5353462.568635955,
  "staked_usd": 1275093701.160764,
  "msol_directed_stake_sol": 1070692.5137271911,
  "msol_directed_stake_msol": 332427.53842417663,
  "liquidity_sol": 13841.021959106,
  "liquidity_usd": 3296670.088081083,
  "total_sol": 8412916.783850636,
  "total_usd": 2003797927.4058673,
  "self_staked_sol": 1214034.725192254,
  "self_staked_usd": 289160148.45276284,
  "standard_staked_sol": 4139427.843443701,
  "standard_staked_usd": 985933552.7080009,
  "total_virtual_staked_sol": 5295073.469911811,
  "total_virtual_staked_usd": 1261186520.3324537,
  "marinade_native_stake_sol": 3045613.193255575,
  "marinade_native_stake_usd": 725407556.1570224
}