{
  "staked_sol": 4882778.449992482,
  "staked_usd": 631504218.5748214,
  "msol_directed_stake_sol": 976555.6899984963,
  "msol_directed_stake_msol": 129453.29167856152,
  "liquidity_sol": 10196.135658363,
  "liquidity_usd": 1318696.4650069906,
  "total_sol": 9315874.239915395,
  "total_usd": 1204849645.0270312,
  "self_staked_sol": 1214034.725192254,
  "self_staked_usd": 157014711.66614425,
  "standard_staked_sol": 3668743.724800228,
  "standard_staked_usd": 474489506.90867716,
  "total_virtual_staked_sol": 4839143.991283634,
  "total_virtual_staked_usd": 625860844.6163104,
  "marinade_native_stake_sol": 4422899.654264551,
  "marinade_native_stake_usd": 572026729.9872029
}