{
  "rewards_mev": [
    [
      915,
      4304.301498752
    ],
    [
      914,
      3970.0377759439993
    ],
    [
      913,
      4730.031891395
    ],
    [
      912,
      3709.4767096979995
    ],
    [
      911,
      5329.920564643
    ],
    [
      910,
      4211.413797095
    ],
    [
      909,
      3395.84660202
    ],
    [
      908,
      2991.523379286
    ],
    [
      907,
      3753.859197584
    ],
    [
      906,
      4789.319095064
    ]
  ],
  "rewards_inflation_est": [
    [
      916,
      136937.42762956803
    ],
    [
      915,
      137029.38969662332
    ],
    [
      914,
      137121.36488086302
    ],
    [
      913,
      137213.3822843559
    ],
    [
      912,
      137305.42467088628
    ],
    [
      911,
      137397.48874129853
    ],
    [
      910,
      137489.59575519813
    ],
    [
      909,
      137581.73094486198
    ],
    [
      908,
      137673.8824069175
    ],
    [
      907,
      137766.06306158128
    ]
  ],
  "rewards_jito_priority": [
    [
      915,
      16.753647376
    ],
    [
      914,
      16.334522778
    ],
    [
      913,
      24.39132771
    ],
    [
      912,
      19.355864225
    ],
    [
      911,
      29.87890676
    ],
    [
      910,
      30.816644065
    ],
    [
      909,
      19.215510895
    ],
    [
      908,
      18.658608877
    ],
    [
      907,
      17.832491914
    ],
    [
      906,
      22.678277178
    ]
  ],
  "rewards_block": [
    [
      915,
      12911.43969117
    ],
    [
      914,
      12714.451432844
    ],
    [
      913,
      12444.70582237
    ],
    [
      912,
      10913.103521776
    ],
    [
      911,
      14927.987682737
    ],
    [
      910,
      12555.48891289
    ],
    [
      909,
      11252.112676734
    ],
    [
      908,
      10058.713647211
    ],
    [
      907,
      10811.826818879
    ],
    [
      906,
      11867.077913301
    ]
  ]
}