{
  "staked_sol": 4976185.832804469,
  "staked_usd": 729816085.4419646,
  "msol_directed_stake_sol": 995237.1665608939,
  "msol_directed_stake_msol": 119747.78081880024,
  "liquidity_sol": 9750.673164069,
  "liquidity_usd": 1430050.7171803748,
  "total_sol": 9597775.25614994,
  "total_usd": 1407626443.5742452,
  "self_staked_sol": 1214034.725192254,
  "self_staked_usd": 178052448.30076602,
  "standard_staked_sol": 3762151.107612215,
  "standard_staked_usd": 551763637.1411985,
  "total_virtual_staked_sol": 4923545.505770219,
  "total_virtual_staked_usd": 722095763.3512459,
  "marinade_native_stake_sol": 4611838.750181403,
  "marinade_native_stake_usd": 676380307.4151003
}