{
  "rewards_mev": [
    [
      651,
      17885.632314507
    ],
    [
      650,
      23031.133686646
    ],
    [
      649,
      29160.551109744
    ],
    [
      648,
      30346.214145647
    ],
    [
      647,
      21764.060265422
    ],
    [
      646,
      13506.761676691
    ],
    [
      645,
      11215.983031878
    ],
    [
      644,
      10962.366561908
    ],
    [
      643,
      12980.974260257
    ],
    [
      642,
      16413.148805312
    ]
  ],
  "rewards_inflation_est": [
    [
      651,
      162851.5285008523
    ],
    [
      650,
      162953.1904081516
    ],
    [
      649,
      163055.6149036915
    ],
    [
      648,
      163159.0287031153
    ],
    [
      647,
      163262.332285248
    ],
    [
      646,
      163364.77340053703
    ],
    [
      645,
      163467.84276221515
    ],
    [
      644,
      163570.7704957685
    ],
    [
      643,
      163673.783619884
    ],
    [
      642,
      163777.1484928168
    ]
  ]
}