{
  "staked_sol": 5370842.629302509,
  "staked_usd": 744000409.1232628,
  "msol_directed_stake_sol": 1074168.525860502,
  "msol_directed_stake_msol": 649680.2879698395,
  "liquidity_sol": 17578.64852255,
  "liquidity_usd": 2435096.7986395266,
  "total_sol": 7889999.295862436,
  "total_usd": 1092968666.0482628,
  "self_staked_sol": 1214034.725192254,
  "self_staked_usd": 168175162.55362436,
  "standard_staked_sol": 4156807.904110255,
  "standard_staked_usd": 575825246.5696384,
  "total_virtual_staked_sol": 5271437.827085167,
  "total_virtual_staked_usd": 730230276.832471,
  "marinade_native_stake_sol": 2501578.018037377,
  "marinade_native_stake_usd": 346533160.1263605
}