{
  "staked_sol": 5470928.92404745,
  "staked_usd": 883555283.8929608,
  "msol_directed_stake_sol": 1094185.78480949,
  "msol_directed_stake_msol": 480488.616375918,
  "liquidity_sol": 14726.428381173,
  "liquidity_usd": 2378318.890575266,
  "total_sol": 8389681.81306101,
  "total_usd": 1354934015.597977,
  "self_staked_sol": 1214034.725192254,
  "self_staked_usd": 196066666.40435618,
  "standard_staked_sol": 4256894.198855196,
  "standard_staked_usd": 687488617.4886047,
  "total_virtual_staked_sol": 5437608.641176065,
  "total_virtual_staked_usd": 878174056.6095254,
  "marinade_native_stake_sol": 2904026.460632388,
  "marinade_native_stake_usd": 469000412.814441
}