{
  "rewards_mev": [
    [
      766,
      17855.086991705
    ],
    [
      765,
      24627.022116111
    ],
    [
      764,
      17639.661293003
    ],
    [
      763,
      20449.910190756
    ],
    [
      762,
      20391.370522242
    ],
    [
      761,
      24674.978212658
    ],
    [
      760,
      10170.101179614
    ],
    [
      759,
      12335.194660324
    ],
    [
      758,
      15625.665516195
    ],
    [
      757,
      15295.850256715
    ]
  ],
  "rewards_inflation_est": [
    [
      767,
      151002.24904414619
    ],
    [
      766,
      151099.00475725235
    ],
    [
      765,
      151195.78962023908
    ],
    [
      764,
      151292.60383705018
    ],
    [
      763,
      151389.4430522466
    ],
    [
      762,
      151486.31534907376
    ],
    [
      761,
      151583.216159081
    ],
    [
      760,
      151680.14976765407
    ],
    [
      759,
      151777.10566942638
    ],
    [
      758,
      151874.07149892137
    ]
  ]
}