{
  "staked_sol": 4873237.304047939,
  "staked_usd": 500277665.7627977,
  "msol_directed_stake_sol": 974647.460809588,
  "msol_directed_stake_msol": 125561.06381896304,
  "liquidity_sol": 10007.793243674,
  "liquidity_usd": 1027381.8267013484,
  "total_sol": 9337156.041909238,
  "total_usd": 958535433.0332454,
  "self_staked_sol": 1214034.725192254,
  "self_staked_usd": 124630593.70609006,
  "standard_staked_sol": 3659202.578855685,
  "standard_staked_usd": 375647072.0567076,
  "total_virtual_staked_sol": 4821319.524317027,
  "total_virtual_staked_usd": 494947881.0560704,
  "marinade_native_stake_sol": 4453910.944617625,
  "marinade_native_stake_usd": 457230385.44374645
}