{
  "rewards_mev": [
    [
      890,
      2142.026959654
    ],
    [
      889,
      3350.296553055
    ],
    [
      888,
      2595.772364676
    ],
    [
      886,
      2187.535931303
    ],
    [
      885,
      2389.622292865
    ],
    [
      884,
      1971.831625866
    ],
    [
      883,
      2383.474340989
    ],
    [
      882,
      2661.743605133
    ],
    [
      881,
      2690.854513319
    ],
    [
      880,
      2096.557828823
    ]
  ],
  "rewards_inflation_est": [
    [
      891,
      139245.5216000804
    ],
    [
      890,
      139338.28497582924
    ],
    [
      889,
      139431.07260227297
    ],
    [
      888,
      139523.90888036066
    ],
    [
      887,
      139616.7736558726
    ],
    [
      886,
      139709.66631831916
    ],
    [
      885,
      139802.60038667146
    ],
    [
      884,
      139895.56792329033
    ],
    [
      883,
      139988.57645176438
    ],
    [
      882,
      140081.6205734233
    ]
  ],
  "rewards_jito_priority": [
    [
      890,
      12.653364995
    ],
    [
      889,
      25.052262895
    ],
    [
      888,
      13.365126692
    ],
    [
      886,
      12.457953776
    ],
    [
      885,
      13.334489322
    ],
    [
      884,
      9.389316386
    ],
    [
      883,
      11.806498762
    ],
    [
      882,
      10.077849438
    ],
    [
      881,
      12.95512919
    ],
    [
      880,
      9.089054647
    ]
  ],
  "rewards_block": [
    [
      891,
      7678.736874594001
    ],
    [
      890,
      7259.006304262
    ],
    [
      889,
      9645.265187307
    ],
    [
      888,
      7821.121904537999
    ],
    [
      887,
      6752.743196837
    ],
    [
      886,
      6878.903252128
    ],
    [
      885,
      7270.127062471
    ],
    [
      884,
      5812.93395448
    ],
    [
      883,
      6681.846717794
    ],
    [
      882,
      7275.460521882
    ]
  ]
}